<?xml version="1.0"?>
<doc>
    <assembly>
        <name>Forguncy.Commands</name>
    </assembly>
    <members>
        <member name="T:GrapeCity.Forguncy.Commands.CommandScope">
            <summary>
            活字格打开编辑命令窗口时会根据使用范围的不同显示不同的命令集合，该Flags枚举列出了以下几种范围。
            </summary>
            <example>
            <code lang="CS">
            public class DeleteRecordCommand : Command
            {
                public override CommandScope GetCommandScope()
                {
                    return CommandScope.ListView;
                }
            }
            </code>
            </example>
        </member>
        <member name="F:GrapeCity.Forguncy.Commands.CommandScope.Cell">
            <summary>
            普通单元格中。
            </summary>
        </member>
        <member name="F:GrapeCity.Forguncy.Commands.CommandScope.ListView">
            <summary>
            表格中的单元格中。
            </summary>
        </member>
        <member name="F:GrapeCity.Forguncy.Commands.CommandScope.PageLoad">
            <summary>
            页面加载中。
            </summary>
        </member>
        <member name="F:GrapeCity.Forguncy.Commands.CommandScope.Workflow">
            <summary>
            工作流中。
            </summary>
        </member>
        <member name="F:GrapeCity.Forguncy.Commands.CommandScope.Notification">
            <summary>
            通知用命令。
            </summary>
        </member>
        <member name="F:GrapeCity.Forguncy.Commands.CommandScope.ShareCommand">
            <summary>
            模板命令
            </summary>
        </member>
        <member name="F:GrapeCity.Forguncy.Commands.CommandScope.ServerSide">
            <summary>
            服务器命令
            </summary>
        </member>
        <member name="F:GrapeCity.Forguncy.Commands.CommandScope.TaskSchedule">
            <summary>
            计划任务
            </summary>
        </member>
        <member name="F:GrapeCity.Forguncy.Commands.CommandScope.ValueChangedCommandInListview">
            <summary>
            表格中的值变更命令
            </summary>
        </member>
        <member name="F:GrapeCity.Forguncy.Commands.CommandScope.ExecutableInServer">
            <summary>
            可以在服务端执行的命令
            </summary>
        </member>
        <member name="F:GrapeCity.Forguncy.Commands.CommandScope.All">
            <summary>
            所有集合。
            </summary>
        </member>
        <member name="F:GrapeCity.Forguncy.Commands.CommandScope.NoneNotification">
            <summary>
            非通知类。
            </summary>
        </member>
        <member name="F:GrapeCity.Forguncy.Commands.CommandScope.ClientSide">
            <summary>
            客户端命令
            </summary>
        </member>
        <member name="T:GrapeCity.Forguncy.Commands.ICommandCellInfo">
            <summary>
            命令单元格信息。详情参照<seealso cref="T:GrapeCity.Forguncy.Plugin.ICellInfoBase"/>。
            </summary>
        </member>
        <member name="T:GrapeCity.Forguncy.Commands.ICommandExecutableInServerSide">
            <summary>
            <para>具有可独立执行能力的命令需要实现这个接口。</para>
            <para>用于在服务器端直接执行命令，不需要从页面端传递上下文即可执行的命令。</para>
            </summary>
            <example>
            <code lang="CS">
            public classSendWeChatMessage : Command, ICommandExecutableInServerSide
            {
                publicobjectUserId { get; set; }
                
                public objectPartyId { get; set; }
            
                public objectContent { get; set; }
                
                public string Execute(IServerCommandExecuteContext dataContext)
                {
                    var api = newWeChat();return api.SendMessage(UserId?.ToString(), PartyId?.ToString(), dataContext.ReplaceKeyWord(Content?.ToString()));
                }
            }
            </code>
            </example>
        </member>
        <member name="M:GrapeCity.Forguncy.Commands.ICommandExecutableInServerSide.Execute(GrapeCity.Forguncy.Commands.IServerCommandExecuteContext)">
            <summary>
            命令执行方法。
            </summary>
            <param name="dataContext">从服务器端传递给命令执行时的上下文信息。</param>
            <returns>是否执行成功。</returns>
        </member>
        <member name="T:GrapeCity.Forguncy.Commands.ICommandExecutableInServerSideAsync">
            <summary>
            <para>具有可独立执行能力的命令需要实现这个接口。</para>
            <para>用于在服务器端直接执行命令，不需要从页面端传递上下文即可执行的命令。</para>
            </summary>
            <example>
            <code lang="CS">
            public classSendWeChatMessage : Command, ICommandExecutableInServerSideAsync
            {
                publicobjectUserId { get; set; }
                
                public objectPartyId { get; set; }
            
                public objectContent { get; set; }
                
                public async Task&lt;string&gt; Execute(IServerCommandExecuteContext context)
                {
                    await context.Context.WriteAsync("Hello");
                    return new ExecuteResult(){ AllowWriteResultToResponse = false };// success
                }
            }
            </code>
            </example>
        </member>
        <member name="M:GrapeCity.Forguncy.Commands.ICommandExecutableInServerSideAsync.ExecuteAsync(GrapeCity.Forguncy.Commands.IServerCommandExecuteContext)">
            <summary>
            命令执行方法。
            </summary>
            <param name="dataContext">从服务器端传递给命令执行时的上下文信息。</param>
            <returns>是否执行成功。</returns>
        </member>
        <member name="T:GrapeCity.Forguncy.Commands.IServerCommandParamGenerator">
            <summary>
            实现此接口可以在命令的后续命令中提示返回值变量
            </summary>
            <remarks>
            如果希望生成复杂的对象类型返回结果，或者生成数组类型的返回结果，并且再后续的命令中可以选择返回值的子属性，可以通过 IServerCommandParamGenerator 实现。
            普通命令和服务端命令都可以通过实现 IServerCommandParamGenerator 接口
            </remarks>
        </member>
        <member name="M:GrapeCity.Forguncy.Commands.IServerCommandParamGenerator.GetGenerateParams">
            <summary>
            获取此命令之后命令的返回值变量
            </summary>
            <returns>
            命令之后命令的返回值变量
            </returns>
        </member>
        <member name="T:GrapeCity.Forguncy.Commands.GenerateParam">
            <summary>
            返回值类型基类
            </summary>
        </member>
        <member name="P:GrapeCity.Forguncy.Commands.GenerateParam.ParamName">
            <summary>
            变量名称
            </summary>
        </member>
        <member name="P:GrapeCity.Forguncy.Commands.GenerateParam.ParamScope">
            <summary>
            变量范围
            </summary>
            <remarks>
            默认范围为 ExecutableInServer， 只有服务端命令和计划任务可见。
            </remarks>
        </member>
        <member name="P:GrapeCity.Forguncy.Commands.GenerateParam.Description">
            <summary>
            变量描述
            </summary>
        </member>
        <member name="T:GrapeCity.Forguncy.Commands.GenerateNormalParam">
            <summary>
            简单类型返回值
            </summary>
        </member>
        <member name="T:GrapeCity.Forguncy.Commands.GenerateListParam">
            <summary>
            数组类型返回值
            </summary>
        </member>
        <member name="P:GrapeCity.Forguncy.Commands.GenerateListParam.ItemProperties">
            <summary>
            列表中的每一项的属性列表
            </summary>
        </member>
        <member name="P:GrapeCity.Forguncy.Commands.GenerateListParam.ItemPropertiesDescription">
            <summary>
             列表中的每一项的属性列表及其描述
            </summary>
        </member>
        <member name="M:GrapeCity.Forguncy.Commands.GenerateListParam.GetCombinedSubProperties">
            <summary>
            
            </summary>
        </member>
        <member name="T:GrapeCity.Forguncy.Commands.GenerateObjectParam">
            <summary>
            对象类型返回值
            </summary>
        </member>
        <member name="P:GrapeCity.Forguncy.Commands.GenerateObjectParam.SubProperties">
            <summary>
            对象的子属性列表
            </summary>
        </member>
        <member name="P:GrapeCity.Forguncy.Commands.GenerateObjectParam.SubPropertiesDescription">
            <summary>
             对象的子属性列表及其描述
            </summary>
        </member>
        <member name="M:GrapeCity.Forguncy.Commands.GenerateObjectParam.GetCombinedSubProperties">
            <summary>
            
            </summary>
        </member>
        <member name="T:GrapeCity.Forguncy.Commands.ExecuteResult">
            <summary>
            命令的执行结果。
            </summary>
        </member>
        <member name="P:GrapeCity.Forguncy.Commands.ExecuteResult.ErrCode">
            <summary>
            返回码。
            </summary>
        </member>
        <member name="P:GrapeCity.Forguncy.Commands.ExecuteResult.Message">
            <summary>
            返回信息。
            </summary>
        </member>
        <member name="P:GrapeCity.Forguncy.Commands.ExecuteResult.ProcessControl">
            <summary>
            执行该命令后的流程控制信息。
            </summary>
        </member>
        <member name="P:GrapeCity.Forguncy.Commands.ExecuteResult.AllowWriteResultToResponse">
            <summary>
            是否允许将命令执行结果写入响应信息。
            </summary>
        </member>
        <member name="P:GrapeCity.Forguncy.Commands.ExecuteResult.Log">
            <summary>
            服务端命令的执行日志。
            </summary>
        </member>
        <member name="P:GrapeCity.Forguncy.Commands.ExecuteResult.ReturnValues">
            <summary>
            服务端命令的自定义返回值
            </summary>
        </member>
        <member name="T:GrapeCity.Forguncy.Commands.ProcessControl">
            <summary>
            流程控制信息。
            </summary>
        </member>
        <member name="F:GrapeCity.Forguncy.Commands.ProcessControl.Continue">
            <summary>
            继续执行。
            </summary>
        </member>
        <member name="F:GrapeCity.Forguncy.Commands.ProcessControl.BreakLoopAndContinue">
            <summary>
            跳过当前循环并继续执行。
            </summary>
        </member>
        <member name="F:GrapeCity.Forguncy.Commands.ProcessControl.ContinueLoop">
            <summary> 
            跳过当前循环进入下一次循环。
            </summary>
        </member>
        <member name="F:GrapeCity.Forguncy.Commands.ProcessControl.Return">
            <summary>
            返回。
            </summary>
        </member>
        <member name="T:GrapeCity.Forguncy.Commands.IServerCommandExecuteContext">
            <summary>
            当在服务器端执行实现了ICommandExecutableInServerSide接口的命令时，从服务器端传递的上下文信息。
            </summary>
        </member>
        <member name="P:GrapeCity.Forguncy.Commands.IServerCommandExecuteContext.DataAccess">
            <summary>
            用于操作数据库的上下文信息。
            </summary>
        </member>
        <member name="P:GrapeCity.Forguncy.Commands.IServerCommandExecuteContext.Context">
            <summary>
            返回IOwinContext类的实例。
            </summary>
        </member>
        <member name="P:GrapeCity.Forguncy.Commands.IServerCommandExecuteContext.ExportHelper">
            <summary>
            用于导出页面的上下文信息。
            </summary>
        </member>
        <member name="M:GrapeCity.Forguncy.Commands.IServerCommandExecuteContext.SendMail(System.String,System.Collections.Generic.List{System.String},System.String,System.String)">
            <summary>
            调用该方法可以异步发送邮件。
            </summary>
            <param name="fromAddress">发送人邮件地址（可以使用用户名）</param>
            <param name="toList">收件人列表（可以使用用户名）</param>
            <param name="title">标题</param>
            <param name="content">邮件正文</param>
            <returns>如果有非空返回值表示邮件发送失败</returns>
        </member>
        <member name="M:GrapeCity.Forguncy.Commands.IServerCommandExecuteContext.SendMailAsync(GrapeCity.Forguncy.ServerApi.FgcMailMessage)">
            <summary>
            
            </summary>
            <param name="message"></param>
            <returns></returns>
        </member>
        <member name="M:GrapeCity.Forguncy.Commands.IServerCommandExecuteContext.GetCurrentEmailSettingAsync">
            <summary>
            返回当前服务器的邮件设置。
            </summary>
            <returns>返回当前服务器的邮件设置。</returns>
        </member>
        <member name="M:GrapeCity.Forguncy.Commands.IServerCommandExecuteContext.ReplaceKeyWord(System.String)">
            <summary>
            更换邮件中相关属性关键字的工具方法，返回更换过关键字后的字符串。
            </summary>
            <param name="value">原始字符串。</param>
            <returns>返回更换过关键字后的字符串。</returns>
        </member>
        <member name="M:GrapeCity.Forguncy.Commands.IServerCommandExecuteContext.ReplaceKeyWordAsync(System.String)">
            <summary>
            更换邮件中相关属性关键字的工具方法，返回更换过关键字后的字符串。
            </summary>
            <param name="value">原始字符串。</param>
            <returns>返回更换过关键字后的字符串。</returns>
        </member>
        <member name="M:GrapeCity.Forguncy.Commands.IServerCommandExecuteContext.EvaluateFormula(System.Object)">
            <summary>
            计算公式的工具方法，返回公式的计算结果。
            </summary>
            <param name="value">原始公式字符串。</param>
            <returns>公式的计算结果。</returns>
        </member>
        <member name="M:GrapeCity.Forguncy.Commands.IServerCommandExecuteContext.EvaluateFormulaAsync(System.Object)">
            <summary>
            计算公式的工具方法，返回公式的计算结果。
            </summary>
            <param name="value">原始公式字符串。</param>
            <returns>公式的计算结果。</returns>
        </member>
        <member name="M:GrapeCity.Forguncy.Commands.IServerCommandExecuteContext.EvaluateFormulaInContentAsync(System.Object,System.Collections.Generic.Dictionary{System.String,System.Object})">
            <summary>
            计算字符串中的公式，如 aaa,[=参数1],bbb 假设‘参数1’的值为ccc则计算结果为 aaa,ccc,bbb
            </summary>
            <param name="value">原始公式字符串。</param>
            <param name="formulaValues">用于缓存公式计算结果。</param>
            <returns>公式的计算结果。</returns>
        </member>
        <member name="M:GrapeCity.Forguncy.Commands.IServerCommandExecuteContext.EvaluateQueryConditionValueFormula(System.Object)">
            <summary>
            计算查询条件的工具方法，返回查询条件的计算结果。
            </summary>
            <param name="queryCondition">原始查询条件。</param>
            <returns>查询条件的计算结果。</returns>
        </member>
        <member name="M:GrapeCity.Forguncy.Commands.IServerCommandExecuteContext.EvaluateQueryConditionValueFormulaAsync(System.Object)">
            <summary>
            计算查询条件的工具方法，返回查询条件的计算结果。
            </summary>
            <param name="queryCondition">原始查询条件。</param>
            <returns>查询条件的计算结果。</returns>
        </member>
        <member name="M:GrapeCity.Forguncy.Commands.IServerCommandExecuteContext.EvaluateQueryConditionValueFormulaAsync(System.Object,GrapeCity.Forguncy.Commands.NullFormulaValueQueryPolicy)">
            <summary>
            计算查询条件的工具方法，返回查询条件的计算结果。
            </summary>
            <param name="queryCondition">原始查询条件。</param>
            <param name="nullFormulaValueQueryPolicy">公式计算值为空时查询策略。</param>
            <returns>查询条件的计算结果。</returns>
        </member>
        <member name="P:GrapeCity.Forguncy.Commands.IServerCommandExecuteContext.Parameters">
            <summary>
            当前上下文中可用参数。
            </summary>
        </member>
        <member name="M:GrapeCity.Forguncy.Commands.IServerCommandExecuteContext.ExecuteCommands(System.Collections.Generic.List{GrapeCity.Forguncy.Commands.Command})">
            <summary>
            执行命令列表并返回执行结果。
            </summary>
            <param name="commands">待执行命令列表。</param>
            <returns>命令执行结果。</returns>
        </member>
        <member name="M:GrapeCity.Forguncy.Commands.IServerCommandExecuteContext.ExecuteCommandsAsync(System.Collections.Generic.List{GrapeCity.Forguncy.Commands.Command})">
            <summary>
            执行命令列表并返回执行结果。
            </summary>
            <param name="commands">待执行命令列表。</param>
            <returns>命令执行结果。</returns>
        </member>
        <member name="M:GrapeCity.Forguncy.Commands.IServerCommandExecuteContext.ExecuteCustomCommandObjectAsync(System.Object,System.Collections.Generic.Dictionary{System.String,System.Object},System.String)">
            <summary>
             执行自定义命令对象列表。
            </summary>
            <param name="command">命令。</param>
            <param name="initParams">上下文参数值。</param>
            <param name="commandLogDisplayName">执行日志中显示的命令名称。</param>
            <returns>命令执行结果。</returns>
        </member>
        <member name="M:GrapeCity.Forguncy.Commands.IServerCommandExecuteContext.ExecuteServerCommands(System.String,GrapeCity.Forguncy.Commands.IServerCommandExecuteContext)">
            <summary>
            执行服务端命令列表并返回执行结果。
            </summary>
            <param name="serverCommandName">服务端命令的名称。</param>
            <param name="dataContext">执行服务端命令的上下文。</param>
            <returns></returns>
        </member>
        <member name="M:GrapeCity.Forguncy.Commands.IServerCommandExecuteContext.ExecuteServerCommandsAsync(System.String,GrapeCity.Forguncy.Commands.IServerCommandExecuteContext)">
            <summary>
            执行服务端命令列表并返回执行结果。
            </summary>
            <param name="serverCommandName">服务端命令的名称。</param>
            <param name="dataContext">执行服务端命令的上下文。</param>
            <returns></returns>
        </member>
        <member name="P:GrapeCity.Forguncy.Commands.IServerCommandExecuteContext.UserInfos">
            <summary>
            用于操作用户的上下文环境。
            </summary>
        </member>
        <member name="P:GrapeCity.Forguncy.Commands.IServerCommandExecuteContext.Log">
            <summary>
            用于记录日志的上下文环境。
            </summary>
        </member>
        <member name="P:GrapeCity.Forguncy.Commands.IServerCommandExecuteContext.CurrentServerCommandName">
            <summary>
            服务端命令的名称。
            </summary>
        </member>
        <member name="P:GrapeCity.Forguncy.Commands.IServerCommandExecuteContext.AppBaseUrl">
            <summary>
            应用的Base Url。
            </summary>
        </member>
        <member name="P:GrapeCity.Forguncy.Commands.IServerCommandExecuteContext.AppLocalBaseUrl">
            <summary>
            应用的本地Base Url。
            </summary>
        </member>
        <member name="P:GrapeCity.Forguncy.Commands.IServerCommandExecuteContext.AppFolder">
            <summary>
            应用的目录
            </summary>
        </member>
        <member name="P:GrapeCity.Forguncy.Commands.IServerCommandExecuteContext.ServiceProvider">
            <summary>
             服务提供者
            </summary>
        </member>
        <member name="P:GrapeCity.Forguncy.Commands.IServerCommandExecuteContext.CacheService">
            <summary>
            缓存服务
            </summary>
        </member>
        <member name="M:GrapeCity.Forguncy.Commands.IServerCommandExecuteContext.UpdateConditionAsync(System.Object,System.Collections.Generic.Dictionary{System.String,System.Object},GrapeCity.Forguncy.Commands.NullFormulaValueQueryPolicy)">
            <summary>
            
            </summary>
        </member>
        <member name="P:GrapeCity.Forguncy.Commands.IServerCommandExecuteContext.CurrentUserName">
            <summary>
            当前登陆用户名称
            </summary>
        </member>
        <member name="P:GrapeCity.Forguncy.Commands.IServerCommandExecuteContext.RequestId">
            <summary>
            请求ID
            </summary>
        </member>
        <member name="M:GrapeCity.Forguncy.Commands.IServerCommandExecuteContext.GetServerCommandList(System.String)">
            <summary>
            通过服务端命令名称，获取命令列表
            </summary>
        </member>
        <member name="M:GrapeCity.Forguncy.Commands.IServerCommandExecuteContext.LoginAsync(System.String,System.Boolean)">
            <summary>
            登录
            </summary>
        </member>
        <member name="M:GrapeCity.Forguncy.Commands.IServerCommandExecuteContext.GetBindingDataSourceValueAsync(System.Object)">
            <summary>
            获取数据库数据。
            </summary>
            <param name="bindingDataSource">数据库查询对象，标注了BindingDataSourcePropertyAttribute属性的值</param>
            <returns>数据库查询结果</returns>
        </member>
        <member name="T:GrapeCity.Forguncy.Commands.NullFormulaValueQueryPolicy">
            <summary>
            
            </summary>
        </member>
        <member name="F:GrapeCity.Forguncy.Commands.NullFormulaValueQueryPolicy.EmptyDatas">
            <summary>
            
            </summary>
        </member>
        <member name="F:GrapeCity.Forguncy.Commands.NullFormulaValueQueryPolicy.AllDatas">
            <summary>
            
            </summary>
        </member>
        <member name="F:GrapeCity.Forguncy.Commands.NullFormulaValueQueryPolicy.GetEmptyValueItems">
            <summary>
            
            </summary>
        </member>
        <member name="T:GrapeCity.Forguncy.Commands.EmailSetting">
            <summary>
            发送邮件设置。
            </summary>
        </member>
        <member name="P:GrapeCity.Forguncy.Commands.EmailSetting.FromAddress">
            <summary>
            发件人地址。
            </summary>
        </member>
        <member name="T:GrapeCity.Forguncy.Commands.ILog">
            <summary>
            提供打印日志的方法。
            </summary>
        </member>
        <member name="M:GrapeCity.Forguncy.Commands.ILog.AppendLine(System.String,System.String[])">
            <summary>
            追加一行日志。
            </summary>
            <param name="content">日志模板内容。</param>
            <param name="args">日志模板对应参数。</param>
        </member>
        <member name="M:GrapeCity.Forguncy.Commands.ILog.AppendLine(System.String,GrapeCity.Forguncy.Commands.LogLevel,System.String[])">
            <summary>
            追加一行日志。
            </summary>
            <param name="content">日志模板内容。</param>
            <param name="logLevel">日志详细程度。</param>
            <param name="args">日志模板对应参数。</param>
        </member>
        <member name="M:GrapeCity.Forguncy.Commands.ILog.AppendLine(System.String,GrapeCity.Forguncy.Commands.LogLevel,System.Boolean,System.String[])">
            <summary>
            追加一行日志。
            </summary>
            <param name="content">日志模板内容。</param>
            <param name="logLevel">日志详细程度。</param>
            <param name="truncatedExceed">是否截除超出1000个字符长度部分的内容。</param>
            <param name="args">日志模板对应参数。</param>
        </member>
        <member name="M:GrapeCity.Forguncy.Commands.ILog.AppendLine(System.String,GrapeCity.Forguncy.Commands.LogLevel,System.Boolean,System.Boolean,System.String[])">
            <summary>
            追加一行日志。
            </summary>
            <param name="content">日志模板内容。</param>
            <param name="logLevel">日志详细程度。</param>
            <param name="truncatedExceed">是否截除超出1000个字符长度部分的内容。</param>
            /// <param name="skipContentTrim">是否将content的缩进trim并重新排列。</param>
            <param name="args">日志模板对应参数。</param>
        </member>
        <member name="M:GrapeCity.Forguncy.Commands.ILog.GetLog">
            <summary>
            获取日志内容。
            </summary>
            <returns>日志内容。</returns>
        </member>
        <member name="M:GrapeCity.Forguncy.Commands.ILog.ClearLog">
            <summary>
            清除日志内容。
            </summary>
        </member>
        <member name="M:GrapeCity.Forguncy.Commands.ILog.IncreaseIndent">
            <summary>
            增加缩进。
            </summary>
        </member>
        <member name="M:GrapeCity.Forguncy.Commands.ILog.DecreaseIndent">
            <summary>
            减少缩进。
            </summary>
        </member>
        <member name="P:GrapeCity.Forguncy.Commands.ILog.LogLevel">
            <summary>
            日志详细程度。
            </summary>
        </member>
        <member name="T:GrapeCity.Forguncy.Commands.LogLevel">
            <summary>
            日志详细程度。
            </summary>
        </member>
        <member name="F:GrapeCity.Forguncy.Commands.LogLevel.None">
            <summary>
             无日志。
            </summary>
        </member>
        <member name="F:GrapeCity.Forguncy.Commands.LogLevel.Simple">
            <summary>
            简单等级。
            </summary>
        </member>
        <member name="F:GrapeCity.Forguncy.Commands.LogLevel.Normal">
            <summary>
            普通等级。
            </summary>
        </member>
        <member name="F:GrapeCity.Forguncy.Commands.LogLevel.Detail">
            <summary>
            详细记录日志。
            </summary>
        </member>
        <member name="T:GrapeCity.Forguncy.Commands.IUpdateDatabaseCommand">
            <summary>
            提供更新数据库的方法。 
            </summary>
        </member>
        <member name="M:GrapeCity.Forguncy.Commands.IUpdateDatabaseCommand.GetUpdatingDatabaseConnectionStrings(GrapeCity.Forguncy.Commands.IServerCommandExecuteContext)">
            <summary>
            从服务端命令上下文环境获取待更新数据库的连接字符串数组。 
            </summary>
            <param name="context">执行服务端命令的上下文环境。</param>
            <returns>待执行命令列表。</returns>
        </member>
        <member name="T:GrapeCity.Forguncy.Commands.IExportHelper">
            <summary>
            提供导出相关的方法。
            </summary>
        </member>
        <member name="M:GrapeCity.Forguncy.Commands.IExportHelper.ExportPageToExcel(GrapeCity.Forguncy.Commands.ExportPageToExcelSetting)">
            <summary>
            导出页面到Excel。  
            </summary>
            <param name="setting">导出页面到excel的相关设置。</param>
            <returns>导出的excel文件的文件流。</returns>
        </member>
        <member name="M:GrapeCity.Forguncy.Commands.IExportHelper.ExportPageToPDF(GrapeCity.Forguncy.Commands.ExportPageToPdfSetting)">
            <summary>
            导出页面到PDF。   
            </summary>
            <param name="setting">导出页面到pdf的相关设置。</param>
            <returns>导出的PDF文件的文件流。</returns>
        </member>
        <member name="M:GrapeCity.Forguncy.Commands.IExportHelper.ExportPageToHtml(GrapeCity.Forguncy.Commands.ExportPageToHtmlSetting)">
            <summary>
            导出页面到Html。   
            </summary>
            <param name="setting">导出页面到Html的相关设置。</param>
            <returns>导出的Html文件的文件流。</returns>
        </member>
        <member name="T:GrapeCity.Forguncy.Commands.ISwitchParameterScope">
            <summary>
             Internal use
            </summary>
        </member>
        <member name="M:GrapeCity.Forguncy.Commands.ISwitchParameterScope.Push">
            <summary>
             Internal use 
            </summary>
        </member>
        <member name="M:GrapeCity.Forguncy.Commands.ISwitchParameterScope.Pop">
            <summary>
             Internal use 
            </summary>
        </member>
        <member name="T:GrapeCity.Forguncy.Commands.ExportPageSettingBase">
            <summary>
            导出页面相关设置。 
            </summary>
        </member>
        <member name="P:GrapeCity.Forguncy.Commands.ExportPageSettingBase.PageName">
            <summary>
            导出页面的名称。   
            </summary>
        </member>
        <member name="P:GrapeCity.Forguncy.Commands.ExportPageSettingBase.ListViewCurrentRowInfos">
            <summary>
            导出页面的各表格的当前行设置，可正确导出绑定字段及字表的数据。 
            </summary>
        </member>
        <member name="P:GrapeCity.Forguncy.Commands.ExportPageSettingBase.CellValueInfos">
            <summary>
            导出页面的单元格的名称设置，可正确导出变更之后的单元格的数据。   
            </summary>
        </member>
        <member name="T:GrapeCity.Forguncy.Commands.ExportPageToExcelSetting">
            <summary>
            导出页面到Excel相关设置。 
            </summary>
        </member>
        <member name="P:GrapeCity.Forguncy.Commands.ExportPageToExcelSetting.MultiSheetModel">
            <summary>
            是否导出到多个工作表。
            </summary>
        </member>
        <member name="P:GrapeCity.Forguncy.Commands.ExportPageToExcelSetting.ExportFormula">
            <summary>
            是否导出formula。  
            </summary>
        </member>
        <member name="T:GrapeCity.Forguncy.Commands.ExportPageToPdfSetting">
            <summary>
            导出页面到PDF相关设置。 
            </summary>
        </member>
        <member name="P:GrapeCity.Forguncy.Commands.ExportPageToPdfSetting.AutoFitRowHeight">
            <summary>
            文字内容过多时，是否自动调整行高以确保显示所有文字。   
            </summary>
        </member>
        <member name="T:GrapeCity.Forguncy.Commands.ExportPageToHtmlSetting">
            <summary>
            导出页面到HTML相关设置。 
            </summary>
        </member>
        <member name="T:GrapeCity.Forguncy.Commands.Command">
            <summary>
            命令类型插件的父类定义。
            </summary>
            <example>
            <code lang="CS">
            public class MyPluginCommand : Command
            {
                ...
            }
            </code>
            </example>
        </member>
        <member name="M:GrapeCity.Forguncy.Commands.Command.WillNavigateOrReload">
            <summary>
            该命令插件执行之后是否会跳转到其他页面或者刷新。
            如果返回True，运行页面时会提示用户该命令之后的命令有可能不执行，如跳转页面命令。
            </summary>
            <returns>返回true表示该命令插件后续的命令会停止执行，返回false表示该命令插件执行不会影响后续命令的执行。</returns>
        </member>
        <member name="P:GrapeCity.Forguncy.Commands.Command.SupportConversionToPrivateServerCommand">
            <summary>
            是否支持转换为私有服务器命令
            </summary>
            <returns></returns>
        </member>
        <member name="M:GrapeCity.Forguncy.Commands.Command.ContainSubCommands">
            <summary>
            指定该命令插件是否包含子命令。
            包含子命令的有条件命令，循环命令等；不包含子命令的有跳转页面命令等。
            </summary>
            <returns>返回true表示包含子命令，否则不包含。</returns>
        </member>
        <member name="M:GrapeCity.Forguncy.Commands.Command.Clone">
            <summary>
            克隆命令插件。
            </summary>
            <returns>返回克隆后的命令。</returns>
        </member>
        <member name="M:GrapeCity.Forguncy.Commands.Command.ToString">
            <summary>
            命令插件的显示名称，默认与插件定义的类名一样。
            </summary>
            <returns>返回在命令列表中该命令插件的显示名称。</returns>
            <example>
            <code lang="CS">
            public class ShowMessageBoxCommand : Command
            {
                public override string ToString()
                {
                    return "消息框命令";
                }
            }
            </code>
            </example>
        </member>
        <member name="P:GrapeCity.Forguncy.Commands.Command.Comments">
            <summary>
            命令的注释。
            </summary>
        </member>
        <member name="P:GrapeCity.Forguncy.Commands.Command.Disabled">
            <summary>
            命令是否被禁用。
            </summary>
        </member>
        <member name="M:GrapeCity.Forguncy.Commands.Command.GetCommandScope">
            <summary>
            指定命令插件的使用范围。
            </summary>
            <returns>返回命令的使用范围。</returns>
            <example>
            示例请参照<see cref="T:GrapeCity.Forguncy.Commands.CommandScope"/>
            </example>
        </member>
        <member name="M:GrapeCity.Forguncy.Commands.Command.InitDefaultPropertyValues">
            <summary>
            初始化默认属性值。
            </summary>
            <example>
            <code lang="CS">
            public class CallStoredProcedureCommand : Command
            {
                public <![CDATA[List<string>]]> AllowAccessRoleList { get; set; } = new <![CDATA[List<string>]]>();
                
                public override void InitDefaultPropertyValues()
                {
                    AllowAccessRoleList = new <![CDATA[List<string>]]>() { DefaultRoleManager.FGC_LoginUser };
                }
            }
            </code>
            </example>
        </member>
        <member name="M:GrapeCity.Forguncy.Commands.Command.GetDesignerPropertyVisible(System.String,GrapeCity.Forguncy.Commands.CommandScope)">
            <summary>
            如果需要动态改变属性编辑器的可见性，可以重写该函数。
            </summary>
            <param name="propertyName">属性名</param>
            <param name="commandScope">CommandScope</param>
            <returns>返回True表示属性编辑器可见，否则不可见。</returns>
            <example>
            <code lang="CS">
            public class MenuCellType: CellType
            {
                public Orientation Orientation { get; set; }
                
                public ExpandStyle DefaultExpandStyle { get; set; }
            
                public override bool GetDesignerPropertyVisible(string propertyName)
                {
                    if (propertyName == "DefaultExpandStyle")  
                    {
                        if (Orientation == MenuOrientation.Horizontal)  //如果是水平方向的菜单隐藏默认展开方式。
                        {
                            return false;
                        }
                        return true;
                    }
                    return base.GetDesignerPropertyVisible(propertyName);
                }
            }
            </code>
            </example>
        </member>
        <member name="P:GrapeCity.Forguncy.Commands.Command.DisplayName">
            <summary>
             Internal use
            </summary>
        </member>
        <member name="T:GrapeCity.Forguncy.Commands.IContainSubCommands">
            <summary>
            迭代当前命令的子命令，用于查找替换。 
            </summary>
        </member>
        <member name="M:GrapeCity.Forguncy.Commands.IContainSubCommands.EnumSubCommands">
            <summary>
            迭代子命令列表。  
            </summary>
            <returns>子命令迭代器。</returns>
        </member>
        <member name="T:GrapeCity.Forguncy.Commands.ISubListCommand">
            <summary>
            如果命令包含子命令(例如循环命令)，则需要实现该接口。 
            </summary>
        </member>
        <member name="P:GrapeCity.Forguncy.Commands.ISubListCommand.CommandList">
            <summary>
            子命令列表。 
            </summary>
        </member>
        <member name="T:GrapeCity.Forguncy.Commands.IContainsLinkListCommands">
            <summary>
            Internal use.
            </summary>
        </member>
        <member name="M:GrapeCity.Forguncy.Commands.IContainsLinkListCommands.EnumAllNodesExceptHead">
            <summary>
            Internal use.
            </summary>
            <returns></returns>
        </member>
        <member name="T:GrapeCity.Forguncy.Commands.IPasteCommand">
            <summary>
            Internal use.
            </summary>
        </member>
        <member name="M:GrapeCity.Forguncy.Commands.IPasteCommand.PasteCommand(GrapeCity.Forguncy.Commands.IPasteCommandContext)">
            <summary>
            Internal use.
            </summary>
            <returns></returns>
        </member>
        <member name="T:GrapeCity.Forguncy.Commands.IPasteCommandContext">
            <summary>
            Internal use.
            </summary>
        </member>
        <member name="P:GrapeCity.Forguncy.Commands.IPasteCommandContext.Source">
            <summary>
            Command's scope paste from.
            </summary>
        </member>
        <member name="P:GrapeCity.Forguncy.Commands.IPasteCommandContext.Target">
            <summary>
            Command's scope paste to.
            </summary>
        </member>
        <member name="P:GrapeCity.Forguncy.Commands.IPasteCommandContext.VariableNamesInTarget">
            <summary>
            All variable names from target command list. 
            </summary>
            <returns></returns>
        </member>
        <member name="T:GrapeCity.Forguncy.Commands.CommandSupportUsingScopeAttribute">
            <summary>
            命令类型的插件或其内部属性所支持的使用范围，如果不指定默认所有页面及表格都支持。
            </summary>
            <example>
            <code lang="CS">
            [CommandSupportUsingScopeAttribute(PageScope.NormalPCPage)]  /*支持普通PC页面。*/
            public class MyCommand : <see cref="T:GrapeCity.Forguncy.Commands.Command"/>
            {
            }
            </code>
            </example>
        </member>
        <member name="M:GrapeCity.Forguncy.Commands.CommandSupportUsingScopeAttribute.#ctor(GrapeCity.Forguncy.Commands.CommandPageScope)">
            <summary>
            构造函数。
            </summary>
            <param name="pageScope">插件所支持的页面使用范围。</param>
        </member>
        <member name="P:GrapeCity.Forguncy.Commands.CommandSupportUsingScopeAttribute.PageScope">
            <summary>
            页面的使用范围。
            </summary>
        </member>
        <member name="T:GrapeCity.Forguncy.Commands.CommandPageScope">
            <summary>
            命令类型插件或其内部属性所支持的页面使用范围。
            </summary>
        </member>
        <member name="F:GrapeCity.Forguncy.Commands.CommandPageScope.None">
            <summary>
            所有页面都不支持。
            </summary>
        </member>
        <member name="F:GrapeCity.Forguncy.Commands.CommandPageScope.NormalPCPage">
            <summary>
            只支持普通PC页面。
            </summary>
        </member>
        <member name="F:GrapeCity.Forguncy.Commands.CommandPageScope.NormalMobilePage">
            <summary>
            只支持普通手机页面。
            </summary>
        </member>
        <member name="F:GrapeCity.Forguncy.Commands.CommandPageScope.MasterPCPage">
            <summary>
            只支持PC母版页。
            </summary>
        </member>
        <member name="F:GrapeCity.Forguncy.Commands.CommandPageScope.MasterMobilePage">
            <summary>
            只支持手机母版页。
            </summary>
        </member>
        <member name="F:GrapeCity.Forguncy.Commands.CommandPageScope.TemplatePCPage">
            <summary>
            支持模板页面。
            </summary>
        </member>
        <member name="F:GrapeCity.Forguncy.Commands.CommandPageScope.TemplateMobilePage">
            <summary>
            支持手机模板页面。
            </summary>
        </member>
        <member name="F:GrapeCity.Forguncy.Commands.CommandPageScope.AllPCPage">
            <summary>
            支持普通PC页面和PC母版页在内的所有PC页面。
            </summary>
        </member>
        <member name="F:GrapeCity.Forguncy.Commands.CommandPageScope.AllMobilePage">
            <summary>
            支持普通手机页面和手机母版页在内的所有手机页面。
            </summary>
        </member>
        <member name="F:GrapeCity.Forguncy.Commands.CommandPageScope.AllNormalPage">
            <summary>
            支持普通PC页面和普通手机页面在内的所有普通页面。
            </summary>
        </member>
        <member name="F:GrapeCity.Forguncy.Commands.CommandPageScope.AllMasterPage">
            <summary>
            支持PC母版页和手机母版页在内的所有母版页。
            </summary>
        </member>
        <member name="F:GrapeCity.Forguncy.Commands.CommandPageScope.AllTemplatePage">
            <summary>
            支持PC模板页和手机模板页在内的所有模板页。
            </summary>
        </member>
        <member name="F:GrapeCity.Forguncy.Commands.CommandPageScope.AllPage">
            <summary>
            支持所有类型页面。
            </summary>
        </member>
        <member name="T:GrapeCity.Forguncy.Commands.CustomCommandObjectAttribute">
            <summary>
            通过标注此属性给单元格或命令声明自定义命令
            被标注的属性应该是 object类型
            </summary>
        </member>
        <member name="M:GrapeCity.Forguncy.Commands.CustomCommandObjectAttribute.#ctor">
            <summary>
              构造函数
            </summary>
        </member>
        <member name="P:GrapeCity.Forguncy.Commands.CustomCommandObjectAttribute.InitParamProperties">
            <summary>
            如果有上下文参数，可以通过此属性声明，如果有多个上下文参数，可用用“|”分隔
            </summary>
        </member>
        <member name="P:GrapeCity.Forguncy.Commands.CustomCommandObjectAttribute.InitParamValues">
            <summary>
            指定上下文参数的引用值，通常为中文，如果有多个上下文参数，可用用“|”分隔
            </summary>
        </member>
        <member name="P:GrapeCity.Forguncy.Commands.CustomCommandObjectAttribute.ParameterDescriptions">
            <summary>
            指定上下文参数的描述，格式如下"value:表示可以使用的值|text:表示显示时的文本，策略为..."
            </summary>
        </member>
        <member name="P:GrapeCity.Forguncy.Commands.CustomCommandObjectAttribute.BindingDataSourceWithCustomColumnsPropertyName">
            <summary>
            绑定数据源属性的名称
            </summary>
        </member>
        <member name="M:GrapeCity.Forguncy.Commands.CustomCommandObjectAttribute.GetParameters(System.Object)">
            <summary>
             此函数的默认实现是返回InitParamProperties，InitParamValues属性通过“|”拆分后生成的字典，可以通过重写此函数生成动态的上下文参数
            </summary>
            <returns>上下文参数字典</returns>
        </member>
        <member name="M:GrapeCity.Forguncy.Commands.CustomCommandObjectAttribute.GetParameterDescriptions">
            <summary>
             此函数的默认实现是返回ParameterDescriptions属性通过“|”拆分后,再用“:”拆分生成的字典，可以通过重写此函数生成动态上下文参数描述
            </summary>
            <returns>上下文参数描述</returns>
        </member>
        <member name="T:GrapeCity.Forguncy.Commands.CustomCommandObject">
            <summary>
            自定义命令对象
            </summary>
        </member>
        <member name="P:GrapeCity.Forguncy.Commands.CustomCommandObject.Commands">
            <summary>
            命令列表
            </summary>
        </member>
        <member name="P:GrapeCity.Forguncy.Commands.CustomCommandObject.ParamProperties">
            <summary>
            上下文参数列表
            </summary>
        </member>
        <member name="M:GrapeCity.Forguncy.Commands.CustomCommandObject.Clone">
            <summary>
            Clone方法
            </summary>
            <returns></returns>
        </member>
        <member name="T:GrapeCity.Forguncy.Commands.ResultToPropertyAttribute">
            <summary>
            <para>声明属性的值表示命令执行后存入变量的变量名称。</para>
            </summary>
            <example>
            <code lang="CS">
            public class GetInfoCommand : Command
            {
                [ResultRoProperty]
                public string ResultTo { get; set; }
            }
            </code>
            </example>
        </member>
        <member name="P:GrapeCity.Forguncy.Commands.ResultToPropertyAttribute.CommandScope">
            <summary>用于指定这个结果值起作用的命令范围。
            </summary>
        </member>
    </members>
</doc>
