<?xml version="1.0"?>
<doc>
    <assembly>
        <name>Forguncy.Commands.Design</name>
    </assembly>
    <members>
        <member name="T:GrapeCity.Forguncy.Commands.CommandDesigner">
            <summary>
            命令设计器。
            </summary>
        </member>
        <member name="P:GrapeCity.Forguncy.Commands.CommandDesigner.Command">
            <summary>
            编辑器对应的命令。
            </summary>
        </member>
        <member name="M:GrapeCity.Forguncy.Commands.CommandDesigner.GetCommandEditor">
             <summary>
             返回命令插件对应的编辑器。
             </summary>
             <returns>返回命令对应的编辑器。</returns>
             <example>
             <para>UserControl和自定义插件弹出消息框命令定义如下：</para>
             <code lang="CS">
             public partial class ShowMessageCommandEditor : UserControl, ICommandEditor
             {
                 public ShowMessageCommandEditor()
                 {
                     InitializeComponent();
                 }
                 public Command Command
                 {
                     get
                     {
                         return new ShowMessageBoxCommand() { Message = messageTextBox.Text };
                         //messageTextBox is the name of TextBox in UserControl.
                     }
                     set
                     {
                         ShowMessageBoxCommand command = value as ShowMessageBoxCommand;
                         if (command != null)
                         {
                             messageTextBox.Text = command.Message;
                         }
                     }
                 }
            
                 public bool Validate()
                 {
                     return true;
                 }
             }
            public class ShowMessageCommandDesigner : CommandDesigner&lt;ShowMessageBoxCommand&gt;, ICommandChecker
            {
            
                public override ICommandEditor GetCommandEditor()
                {
                    return new ShowMessageCommandEditor();
                }
            }
            
            [Designer("ShowMessageBoxCommand.ShowMessageCommandDesigner, ShowMessageBoxCommand")]
            public class ShowMessageBoxCommand : Command
            {
            
                public string Message { get; set; }
            
            }
             </code>
             </example>
        </member>
        <member name="M:GrapeCity.Forguncy.Commands.CommandDesigner.GetCommandEditor(GrapeCity.Forguncy.Commands.IBuilderCommandContext)">
             <summary>
             返回命令插件对应的编辑器。
             </summary>
             <returns>返回命令对应的编辑器。</returns>
             <example>
             <para>UserControl和自定义插件弹出消息框命令定义如下：</para>
             <code lang="CS">
             public partial class ShowMessageCommandEditor : UserControl, ICommandEditor
             {
                 public ShowMessageCommandEditor()
                 {
                     InitializeComponent();
                 }
                 public Command Command
                 {
                     get
                     {
                         return new ShowMessageBoxCommand() { Message = messageTextBox.Text };
                         //messageTextBox is the name of TextBox in UserControl.
                     }
                     set
                     {
                         ShowMessageBoxCommand command = value as ShowMessageBoxCommand;
                         if (command != null)
                         {
                             messageTextBox.Text = command.Message;
                         }
                     }
                 }
            
                 public bool Validate()
                 {
                     return true;
                 }
             }
             public class ShowMessageCommandDesigner : CommandDesigner&lt;ShowMessageBoxCommand&gt;, ICommandChecker
             {
            
                 public override ICommandEditor GetCommandEditor(IBuilderCommandContext context)
                 {
                     return new ShowMessageCommandEditor();
                 }
             }
            
             [Designer("ShowMessageBoxCommand.ShowMessageCommandDesigner, ShowMessageBoxCommand")]
             public class ShowMessageBoxCommand : Command
             {
            
                 public string Message { get; set; }
            
             }
             </code>
             </example>
        </member>
        <member name="M:GrapeCity.Forguncy.Commands.CommandDesigner.Validate">
            <summary>
            自定义校验逻辑
            </summary>
            <returns>返回空表示校验成功，否则表示校验失败，返回错误信息</returns>
        </member>
        <member name="M:GrapeCity.Forguncy.Commands.CommandDesigner.GetEditorSetting(System.ComponentModel.PropertyDescriptor,GrapeCity.Forguncy.Commands.IBuilderCommandContext)">
            <summary>
            返回插件命令内部属性对应的编辑器。
            </summary>
            <param name="property">命令内部属性</param>
            <param name="builderContext">命令编辑上下文信息。</param>
            <returns>返回插件命令内部属性对应的编辑器。</returns>
            <example>
            <code lang="CS">
            public class WorkflowCommandDesigner : CommandDesigner<![CDATA[<WorkflowCommand>]]>;
            {
                public string TableName { get; set; }
                
                public override EditorSetting GetEditorSetting(PropertyDescriptor property, IBuilderCommandContext builderContext)
                {
                    if (property.Name == "TableName")
                    {
                        return new ComboEditorSetting(builderContext.EnumAllTableInfos().Where(t => t.WorkflowInfo != null &amp;&amp; t.WorkflowInfo.IsEnabled).Select(t => t.TableName));
                    }
                }
            }
            </code>
            </example>
        </member>
        <member name="M:GrapeCity.Forguncy.Commands.CommandDesigner.OnPropertyEditorChanged(System.String,System.Object,System.Collections.Generic.Dictionary{System.String,GrapeCity.Forguncy.Plugin.EditorSetting})">
            <summary>
             属性值被编辑时会被调用的回掉函数
            </summary>
            <param name="propertyName">属性名</param>
            <param name="propertyValue">属性值</param>
            <param name="properties">全部属性</param>
        </member>
        <member name="M:GrapeCity.Forguncy.Commands.CommandDesigner.OnPropertyEditorChanged(System.String,System.Object,System.Collections.Generic.Dictionary{System.String,GrapeCity.Forguncy.Plugin.IEditorSettingsDataContext})">
            <summary>
             属性值被编辑时会被调用的回掉函数
            </summary>
            <param name="propertyName">属性名</param>
            <param name="propertyValue">属性值</param>
            <param name="properties">全部属性</param>
        </member>
        <member name="M:GrapeCity.Forguncy.Commands.CommandDesigner.SwitchCommand(GrapeCity.Forguncy.Commands.Command)">
            <summary>
            Init current command setting based on pre command
            </summary>
            <param name="preCommand"></param>
        </member>
        <member name="M:GrapeCity.Forguncy.Commands.CommandDesigner.GetSearchTags">
            <summary>
            搜索关键字
            </summary>
        </member>
        <member name="T:GrapeCity.Forguncy.Commands.CommandDesigner`1">
            <summary>
            命令编辑器。
            </summary>
        </member>
        <member name="P:GrapeCity.Forguncy.Commands.CommandDesigner`1.Command">
            <summary>
            编辑器对应的命令。
            </summary>
        </member>
        <member name="T:GrapeCity.Forguncy.Commands.ICommandEditor">
            <summary>
            插件命令数据编辑器。
            </summary>
            <example>
            <para>UserControl和自定义插件弹出消息框命令定义如下：</para>
            <code lang="CS">
            public partial class ShowMessageCommandEditor : UserControl, ICommandEditor
            {
                public ShowMessageCommandEditor()
                {
                   InitializeComponent();
                }   
                
                public Command Command
                {
                    get
                    {
                        return new ShowMessageBoxCommand() { Message = messageTextBox.Text };  //messageTextBox is the name of TextBox in UserControl.
                    }
                    set
                    {
                        ShowMessageBoxCommand command = value as ShowMessageBoxCommand;
                        if(command != null)
                        {
                            messageTextBox.Text = command.Message;
                        }
                    }
                }
                
                public bool Validate()
                {
                    return true;
                }
            }
            public class ShowMessageBoxCommand: Command
            {
                public string Message { get; set; }
                
                public override ICommandEditor GetCommandEditor() => new ShowMessageCommandEditor();
            }
            </code>
            </example>
        </member>
        <member name="P:GrapeCity.Forguncy.Commands.ICommandEditor.Command">
            <summary>
            命令数据。
            </summary>
        </member>
        <member name="M:GrapeCity.Forguncy.Commands.ICommandEditor.Validate">
            <summary>
            编辑器关闭前的数据校验。
            </summary>
            <returns></returns>
        </member>
        <member name="T:GrapeCity.Forguncy.Commands.ICommandEditorAsync">
            <summary>
            
            </summary>
        </member>
        <member name="M:GrapeCity.Forguncy.Commands.ICommandEditorAsync.FlushAsync">
            <summary>
            
            </summary>
            <returns></returns>
        </member>
        <member name="T:GrapeCity.Forguncy.Commands.ICommandEditorHasScrollBar">
            <summary>
            内部使用。
            </summary>
        </member>
        <member name="T:GrapeCity.Forguncy.Commands.ICommandScopeCommandEditor">
            <summary>
            内部使用。
            </summary>
        </member>
        <member name="P:GrapeCity.Forguncy.Commands.ICommandScopeCommandEditor.CommandScope">
            <summary>
            内部使用。
            </summary>
        </member>
        <member name="T:GrapeCity.Forguncy.Commands.IBuilderCommandContext">
            <summary>
            命令编辑上下文信息。
            </summary>
        </member>
        <member name="P:GrapeCity.Forguncy.Commands.IBuilderCommandContext.IsShareCommandMode">
            <summary>
            判断当前命令窗口是否为模板命令的命令窗口
            </summary>
        </member>
        <member name="P:GrapeCity.Forguncy.Commands.IBuilderCommandContext.CommandCell">
            <summary>
            返回设置了命令的单元格信息。
            </summary>
        </member>
        <member name="M:GrapeCity.Forguncy.Commands.IBuilderCommandContext.GetCell(System.String,System.Int32,System.Int32)">
            <summary>
            返回指定页面指定行列的单元格信息。
            </summary>
            <param name="pageName">页面名称。</param>
            <param name="row">行索引。</param>
            <param name="column">列索引。</param>
            <returns>返回指定页面指定行列的单元格信息。</returns>
        </member>
        <member name="M:GrapeCity.Forguncy.Commands.IBuilderCommandContext.GetCell(GrapeCity.Forguncy.Plugin.IFormulaReferObject)">
            <summary>
            返回引用单元格公式所在的单元格信息。
            </summary>
            <param name="obj">引用单元格公式。</param>
            <returns>返回引用单元格公式所在的单元格信息。</returns>
        </member>
        <member name="M:GrapeCity.Forguncy.Commands.IBuilderCommandContext.GetQueryConditionWindow(System.Object,System.String,System.Boolean)">
            <summary>
            获取活字格内部查询条件的对话窗口。
            </summary>
            <param name="queryCondition">初始化内置查询条件对话窗口的对象。</param>
            <param name="tableName">数据表名。</param>
            <param name="allowSelectTable">是否允许选择表。</param>
            <returns>返回活字格内部查询条件的对话窗口。</returns>
            <example>
            代码参照<see cref="T:GrapeCity.Forguncy.Commands.IQueryConditionWindow"/>。
            </example>
        </member>
        <member name="M:GrapeCity.Forguncy.Commands.IBuilderCommandContext.HideCommandDialog">
            <summary>
            隐藏命令窗口，配合<see cref="M:GrapeCity.Forguncy.Commands.IBuilderCommandContext.ShowCommandDialog"/>使用。
            一般情况下，如果命令属性的编辑子窗口中有公式选择框，那么需要使用该函数。
            </summary>
        </member>
        <member name="M:GrapeCity.Forguncy.Commands.IBuilderCommandContext.ShowCommandDialog">
            <summary>
            重新显示命令窗口，配合<see cref="M:GrapeCity.Forguncy.Commands.IBuilderCommandContext.HideCommandDialog"/>使用。
            </summary>
        </member>
        <member name="P:GrapeCity.Forguncy.Commands.IBuilderCommandContext.ForguncyUploadFilesFolderPath">
            <summary>
            用户在设计器中上传的文件或图片所在的文件目录。
            </summary>
        </member>
        <member name="M:GrapeCity.Forguncy.Commands.IBuilderCommandContext.StartServer">
            <summary>
            生成页面并启动服务器。
            </summary>
        </member>
        <member name="M:GrapeCity.Forguncy.Commands.IBuilderCommandContext.StartServerAsync">
            <summary>
            生成页面并启动服务器，异步调用。
            </summary>
        </member>
        <member name="P:GrapeCity.Forguncy.Commands.IBuilderCommandContext.CommandScope">
            <summary>
            
            </summary>
        </member>
        <member name="P:GrapeCity.Forguncy.Commands.IBuilderCommandContext.Command">
            <summary>
            
            </summary>
        </member>
        <member name="M:GrapeCity.Forguncy.Commands.IBuilderCommandContext.GetMessageContentEditorDialog(System.String,System.String)">
            <summary>
            
            </summary>
            <param name="message"></param>
            <param name="title"></param>
            <returns></returns>
        </member>
        <member name="M:GrapeCity.Forguncy.Commands.IBuilderCommandContext.GetCodeEditorControl(GrapeCity.Forguncy.Commands.CodeEditorLanguage)">
            <summary>
            获取活字格内部的代码编辑器控件。
            </summary>
            <returns></returns>
        </member>
        <member name="T:GrapeCity.Forguncy.Commands.ICodeEditorControl">
            <summary>
            ICodeEditorControl
            </summary>
        </member>
        <member name="M:GrapeCity.Forguncy.Commands.ICodeEditorControl.GetValueAsync">
            <summary>
            获取值
            </summary>
            <returns></returns>
        </member>
        <member name="M:GrapeCity.Forguncy.Commands.ICodeEditorControl.SetValueAsync(System.String)">
            <summary>
            设置值
            </summary>
            <param name="value"></param>
            <returns></returns>
        </member>
        <member name="M:GrapeCity.Forguncy.Commands.ICodeEditorControl.Destroy">
            <summary>
            销毁 CodeEditor
            </summary>
            <returns></returns>
        </member>
        <member name="T:GrapeCity.Forguncy.Commands.CodeEditorLanguage">
            <summary>
            CodeEditor Language
            </summary>
        </member>
        <member name="F:GrapeCity.Forguncy.Commands.CodeEditorLanguage.JavaScript">
            <summary>
            JavaScript
            </summary>
        </member>
        <member name="F:GrapeCity.Forguncy.Commands.CodeEditorLanguage.Css">
            <summary>
            CSS
            </summary>
        </member>
        <member name="F:GrapeCity.Forguncy.Commands.CodeEditorLanguage.Sql">
            <summary>
            Sql
            </summary>
        </member>
        <member name="F:GrapeCity.Forguncy.Commands.CodeEditorLanguage.Mysql">
            <summary>
            Mysql
            </summary>
        </member>
        <member name="F:GrapeCity.Forguncy.Commands.CodeEditorLanguage.Pgsql">
            <summary>
            Pgsql
            </summary>
        </member>
        <member name="F:GrapeCity.Forguncy.Commands.CodeEditorLanguage.SqlServer">
            <summary>
            SqlServer
            </summary>
        </member>
        <member name="F:GrapeCity.Forguncy.Commands.CodeEditorLanguage.Json">
            <summary>
            Json
            </summary>
        </member>
        <member name="F:GrapeCity.Forguncy.Commands.CodeEditorLanguage.Mail">
            <summary>
            Mail
            </summary>
        </member>
        <member name="T:GrapeCity.Forguncy.Commands.IQueryConditionWindow">
             <summary>
             <para>活字格内置的设置查询条件的对话窗口。</para>
             <para>注意：由内置查询条件对话窗口生成的对象可能包含单元格引用信息，需要实现<see cref="T:GrapeCity.Forguncy.Plugin.IReferenceFormula"/>接口。</para>
             </summary>
             <example>
             <code lang="CS">
             
             public class TreeCellTypeDesigner : CellTypeDesigner<![CDATA[<TreeCellType>]]>
             {
                 public BindingTreeLevelInfo BindingTreeLevelInfo { get; set; }
                 
                 public override EditorSetting GetEditorSetting(PropertyDescriptor property, IBuilderContext builderContext)
                 {
                     if (property.Name == "BindingTreeLevelInfo")
                     {
                         return new HyperlinkEditorSetting(new BindingTreeLevelInfoEditorSettingsCommand(builderContext));
                     }
                     return base.GetEditorSetting(property, builderContext);
                 }
             }
            
             [Designer("Forguncy.TreeCellTypeDesigner, Forguncy")]
             public class TreeCellType : CellType, IDependenceCells, IReferenceFormula
             {
                 public BindingTreeLevelInfo BindingTreeLevelInfo { get; set; }
                 
                 public <![CDATA[IEnumerable<LocatedObject<object>>]]> GetFormulaReferObjects(LocationIndicator location)
                 {
                     if (this.BindingTreeLevelInfo != null)
                     {
                         return this.BindingTreeLevelInfo.GetFormulaReferObjects(location);
                     }
                     return Enumerable.Empty<![CDATA[<LocatedObject<object>>]]>();
                 }
                 
                 public <![CDATA[IEnumerable<object>]]> EnumDependenceCells(IBuilderContext context)
                 {
                     return EnumDependenceCells(this.BindingTreeLevelInfo, context);
                 }
                 
                 private <![CDATA[IEnumerable<object>]]> EnumDependenceCells(BindingTreeLevelInfo info, IBuilderContext context)
                 {
                     var result = Enumerable.Empty<![CDATA[<object>]]>();
                     if (info != null)
                     {
                         if (info.QueryCondition != null)
                         {
                             result = result.Union(context.EnumDependenceCells(info.QueryCondition) ?? Enumerable.Empty<![CDATA[<object>]]>());
                         }
                         if (info.SubBindingTreeLevelInfo != null)
                         {
                             result = result.Union(EnumDependenceCells(info.SubBindingTreeLevelInfo, context) ?? Enumerable.Empty<![CDATA[<object>]]>());
                         }
                     }
                     return result;
                 }
             }
             
             public class BindingTreeLevelInfoEditorSettingsCommand : ICommand
             {
                 IBuilderContext _builderContext;
                 public BindingTreeLevelInfoEditorSettingsCommand(IBuilderContext builderContext)
                 {
                     _builderContext = builderContext;
                 }
                 
                 public void Execute(object parameter)
                 {
                     var dataContext = parameter as IEditorSettingsDataContext;
                     BindingTreeLevelInfo bindingTreeLevelInfo = dataContext?.Value as BindingTreeLevelInfo;
                     
                     Window window = new Window();
                     UserControl dialog = new BindingTreeItemsEditor(_builderContext); 
                     /*这里需要将设计器上下文信息传递到编辑树节点的对话窗口，从而可以在需要的时候弹出查询对话窗口。*/
                     
                     //...
                 }
             }
             
             public partial class BindingTreeItemsEditor : UserControl
             {
                 IBuilderContext _builderContext;
                 public BindingTreeItemsEditor(IBuilderContext builderContext)
                 {
                     InitializeComponent();
                     _builderContext = builderContext;
                 }
             
                 private void EditQueryConditionHyperlink_Click(object sender, RoutedEventArgs e)
                 {
                     /*使用数据层的查询条件和表名初始化查询对话窗口。*/
                     var window = _builderContext?.GetQueryConditionWindow(queryCondition, tableName);
                     window.Closed += (s, e2) =>
                     {
                         if (window.DialogResult == true)
                         {
                             /*当窗口被关闭后需要将新生成的查询条件提交到数据层。*/
                             /*ViewModel.QueryCondition = window.QueryCondition;*/
                             
                             /*重新打开父窗口。*/
                             _builderContext.ShowParentDialog(this);
                         }
                     }
                     /*由于查询条件中可能引用单元格，所以这里需要暂时隐藏父窗口。*/
                     _builderContext.HideParentDialog(this);
                     window.ShowDialog();
                 }
             }
             
             public class BindingTreeLevelInfo
             {
                 public string TableName { get; set; }
                 public string ValueColumn { get; set; }
                 public string NameColumn { get; set; }
                 public string MasterTableRelatedColumn { get; set; }
                 public BindingTreeLevelInfo SubBindingTreeLevelInfo { get; set; }    
             
                 public object QueryCondition { get; set; }
                 
                 public <![CDATA[IEnumerable<LocatedObject<object>>]]> GetFormulaReferObjects(LocationIndicator location)
                 {
                     var newLocation = location.AppendProperty("TreeCellType").AppendProperty("BindingTreeLevelInfo");
                     if(this.QueryCondition is IReferenceFormula)
                     {
                         var items = (this.QueryCondition as IReferenceFormula).GetFormulaReferObjects(newLocation);
                         foreach (var item in items)
                         {
                             yield return item;
                         }
                     }
                     if (this.SubBindingTreeLevelInfo != null)
                     {
                         var items = this.SubBindingTreeLevelInfo.GetFormulaReferObjects(location);
                         foreach (var item in items)
                         {
                             yield return item;
                         }
                     }
                 }
             }
             </code>
             </example>
        </member>
        <member name="P:GrapeCity.Forguncy.Commands.IQueryConditionWindow.QueryCondition">
            <summary>
            查询条件。
            </summary>
        </member>
        <member name="T:GrapeCity.Forguncy.Commands.IMessageContextEditorWindow">
            <summary>
            
            </summary>
        </member>
        <member name="P:GrapeCity.Forguncy.Commands.IMessageContextEditorWindow.Message">
            <summary>
            
            </summary>
        </member>
        <member name="M:GrapeCity.Forguncy.Commands.IMessageContextEditorWindow.FlushAsync">
            <summary>
            
            </summary>
            <returns></returns>
        </member>
        <member name="T:GrapeCity.Forguncy.Commands.IWindow">
            <summary>
            内置对话框接口。
            </summary>
        </member>
        <member name="M:GrapeCity.Forguncy.Commands.IWindow.ShowDialog">
            <summary>
            打开对话框。
            </summary>
            <returns></returns>
        </member>
        <member name="E:GrapeCity.Forguncy.Commands.IWindow.Closed">
            <summary>
            对话框关闭事件。
            </summary>
        </member>
        <member name="P:GrapeCity.Forguncy.Commands.IWindow.DialogResult">
            <summary>
            对话框返回结果。
            </summary>
        </member>
        <member name="T:GrapeCity.Forguncy.Commands.ICommandChecker">
            <summary>
            如果执行命令需要满足一些必要条件，实现该接口可以在运行页面时给出错误列表。
            </summary>
            <example>
            <code lang="CS">
            public class ShowMessageBoxCommandDesigner: CommandDesigner<![CDATA[<ShowMessageBoxCommand>]]>, ICommandChecker
            {
                public string Message { get; set; }
                
                public <![CDATA[IEnumerable<ForguncyErrorInfo>]]> CheckCommandErrors(IBuilderCommandContext context)
                {
                    if(string.IsNullOrEmpty(this.Message))
                    {
                        yield return new ForguncyErrorInfo()
                        {
                            Message = "消息文本不能为空。",
                            ErrorType = ForguncyErrorType.Warning
                        };
                    }
                }
            }
            </code>
            </example>
        </member>
        <member name="M:GrapeCity.Forguncy.Commands.ICommandChecker.CheckCommandErrors(GrapeCity.Forguncy.Commands.IBuilderCommandContext)">
            <summary>
            运行页面时检查与命令相关的所有错误和提醒列表并返回给用户。
            </summary>
            <param name="context">与执行命令相关的上下文信息</param>
            <returns>返回与命令插件相关的所有错误和提醒列表。</returns>
        </member>
    </members>
</doc>
