<?xml version="1.0"?>
<doc>
    <assembly>
        <name>GrapeCity.Forguncy.Plugin.Design</name>
    </assembly>
    <members>
        <member name="T:GrapeCity.Forguncy.Plugin.IBuilderContextBase">
            <summary>
            设计器上下文信息。
            </summary>
        </member>
        <member name="M:GrapeCity.Forguncy.Plugin.IBuilderContextBase.EnumAllListViewInfos(System.String)">
            <summary>
            获取某个页面所有的表格信息。
            </summary>
            <param name="pageName">页面名，如果为空即表示当前所在页面。</param>
            <returns>表格集合</returns>
            <example>
            <code lang="CS">
            public class WorkflowCommandDesigner : CommandDesigner<![CDATA[<WorkflowCommand>]]>
            {
                public string ListViewName { get; set; }
                
                public override EditorSetting GetEditorSetting(PropertyDescriptor property, IBuilderCommandContext builderContext)
                {
                    if(property.Name == "ListViewName")
                    {
                        return new ComboEditorSetting(new <![CDATA[List<string>]]> (builderContext.EnumAllListViewInfos(null).Select(i=>i.ListViewName)));
                    }
                    return base.GetEditorSetting(property, builderContext);
                }
            }
            </code>
            </example>
        </member>
        <member name="M:GrapeCity.Forguncy.Plugin.IBuilderContextBase.EnumAllTableInfos">
            <summary>
            获取所有的数据表信息。
            </summary>
            <returns>数据表集合</returns>
            <example>
            <code lang="CS">
            public class WorkflowCommandDesigner : CommandDesigner<![CDATA[<WorkflowCommand>]]>
            {
                public string TableName { get; set; }
                
                public override EditorSetting GetEditorSetting(PropertyDescriptor property, IBuilderCommandContext builderContext)
                {
                    if(property.Name == "TableName")
                    {
                        return new ComboEditorSetting(builderContext.EnumAllTableInfos().Where(t => t.WorkflowInfo != null &amp;&amp; t.WorkflowInfo.IsEnabled).Select(t => t.TableName));
                    }
                    return base.GetEditorSetting(property, builderContext);
                }
            }
            </code>
            </example>
        </member>
        <member name="M:GrapeCity.Forguncy.Plugin.IBuilderContextBase.EnumAllPageInfos">
            <summary>
            获取所有的页面信息。
            </summary>
            <returns>页面集合。</returns>
            <example>
            <code lang="CS">
            public class WorkflowCommandDesigner : CommandDesigner<![CDATA[<WorkflowCommand>]]>
            {
                public string NavigatePageName { get; set; }
                
                public override EditorSetting GetEditorSetting(PropertyDescriptor property, IBuilderCommandContext builderContext)
                {
                    if(property.Name == "NavigatePageName")
                    {
                        return new ComboEditorSetting(builderContext.EnumAllPageInfos().Select(p => p.PageName));
                    }
                    return base.GetEditorSetting(property, builderContext);
                }
            }
            </code>
            </example>
        </member>
        <member name="P:GrapeCity.Forguncy.Plugin.IBuilderContextBase.UserServiceInfo">
            <summary>
            获取用户管理网站的信息。
            </summary>
            <example>
            <code lang="CS">
            public class MyUserSelectorCellTypeDesigner : CellTypeDesigner<![CDATA[<MyUserSelectorCellType>]]>
            {
                public string Role { get; set; }
                
                public override EditorSetting GetEditorSetting(PropertyDescriptor property, IBuilderContext builderContext)
                {
                    if (property.Name == "Role")
                    {
                        return new ComboEditorSetting(builderContext.UserServiceInfo.AllRoles);
                    }
                }
            }
            </code>
            </example>
        </member>
        <member name="P:GrapeCity.Forguncy.Plugin.IBuilderContextBase.LocalServerInfo">
            <summary>
            本地网站应用信息。
            </summary>
        </member>
        <member name="P:GrapeCity.Forguncy.Plugin.IBuilderContextBase.PageName">
            <summary>
            获取当前所在页面名称。
            </summary>
        </member>
        <member name="P:GrapeCity.Forguncy.Plugin.IBuilderContextBase.AuthenticationMode">
            <summary>
            获取当前工程的认证模式。
            </summary>
        </member>
        <member name="M:GrapeCity.Forguncy.Plugin.IBuilderContextBase.GetBrush(System.String)">
            <summary>从颜色字符串获取一个WPF的画笔（Brush）。
            </summary>
            <param name="colorStr">颜色字符串</param>
            <returns>WPF的画笔</returns>
        </member>
        <member name="M:GrapeCity.Forguncy.Plugin.IBuilderContextBase.CheckFormulaName(System.String)">
            <summary>
             Internal use
            </summary>
        </member>
        <member name="M:GrapeCity.Forguncy.Plugin.IBuilderContextBase.CheckCellLocation(System.Object,System.Boolean,System.Boolean)">
            <summary>
             Internal use
            </summary>
        </member>
        <member name="M:GrapeCity.Forguncy.Plugin.IBuilderContextBase.GetSearchableCombobox">
            <summary>
             Internal use
            </summary>
        </member>
        <member name="M:GrapeCity.Forguncy.Plugin.IBuilderContextBase.GetDropDownSearchableCombobox">
            <summary>
             Internal use
            </summary>
        </member>
        <member name="T:GrapeCity.Forguncy.Plugin.IPostGenerate">
            <summary>
            处理单元格生成页面之后的自定义逻辑
            </summary>
        </member>
        <member name="M:GrapeCity.Forguncy.Plugin.IPostGenerate.PostGenerate(GrapeCity.Forguncy.Plugin.IBuilderContextBase)">
            <summary>
            处理单元格生成页面之后的自定义逻辑
            </summary>
        </member>
        <member name="T:GrapeCity.Forguncy.Plugin.ISearchableCombobox">
            <summary>
            internal use
            </summary>
        </member>
        <member name="P:GrapeCity.Forguncy.Plugin.ISearchableCombobox.ItemsSource">
            <summary>
            internal use
            </summary>
        </member>
        <member name="P:GrapeCity.Forguncy.Plugin.ISearchableCombobox.SelectedItem">
            <summary>
            internal use
            </summary>
        </member>
        <member name="P:GrapeCity.Forguncy.Plugin.ISearchableCombobox.Text">
            <summary>
            internal use
            </summary>
        </member>
        <member name="M:GrapeCity.Forguncy.Plugin.ISearchableCombobox.SetItemsSourceBinding(System.Windows.Data.BindingBase)">
            <summary>
            internal use
            </summary>
        </member>
        <member name="M:GrapeCity.Forguncy.Plugin.ISearchableCombobox.SetSelectedItemBinding(System.Windows.Data.BindingBase)">
            <summary>
            internal use
            </summary>
        </member>
        <member name="M:GrapeCity.Forguncy.Plugin.ISearchableCombobox.SetTextBinding(System.Windows.Data.BindingBase)">
            <summary>
            internal use
            </summary>
        </member>
        <member name="T:GrapeCity.Forguncy.Plugin.IDropDownSearchableCombobox">
            <summary>
            internal use
            </summary>
        </member>
        <member name="M:GrapeCity.Forguncy.Plugin.IDropDownSearchableCombobox.SetSelectedValueBinding(System.Windows.Data.BindingBase)">
            <summary>
            internal use
            </summary>
        </member>
        <member name="P:GrapeCity.Forguncy.Plugin.IDropDownSearchableCombobox.DisplayMemberPath">
            <summary>
            internal use
            </summary>
        </member>
        <member name="P:GrapeCity.Forguncy.Plugin.IDropDownSearchableCombobox.SelectedValuePath">
            <summary>
            internal use
            </summary>
        </member>
        <member name="P:GrapeCity.Forguncy.Plugin.IDropDownSearchableCombobox.SelectedValue">
            <summary>
            internal use
            </summary>
        </member>
        <member name="T:GrapeCity.Forguncy.Plugin.EditorSetting">
            <summary>
            插件内部属性对应的编辑器设置。
            </summary>
            <example>
            <code lang="CS">
            public override EditorSetting GetEditorSetting(PropertyDescriptor property, IBuilderContext builderContext)
            {
                return new ComboEditorSetting(new <![CDATA[List<string>()]]>  { "aaa", "bbb", "ccc"});
            }
            </code>
            </example>
        </member>
        <member name="P:GrapeCity.Forguncy.Plugin.EditorSetting.Visibility">
            <summary>
            属性编辑器是否可见。
            </summary>
        </member>
        <member name="P:GrapeCity.Forguncy.Plugin.EditorSetting.IsEnabled">
            <summary>
            属性编辑器是否可用。
            </summary>
        </member>
        <member name="P:GrapeCity.Forguncy.Plugin.EditorSetting.DefaultCaptionVisibility">
            <summary>
            命令插件中的属性编辑器中的属性名是否显示。
            </summary>
        </member>
        <member name="P:GrapeCity.Forguncy.Plugin.EditorSetting.Orientation">
            <summary>
            命令插件中的属性编辑器中属性说明文字和编辑器的排布方向，默认是水平排布。
            </summary>
        </member>
        <member name="E:GrapeCity.Forguncy.Plugin.EditorSetting.PropertyChanged">
            <summary>
            内部使用。
            </summary>
        </member>
        <member name="M:GrapeCity.Forguncy.Plugin.EditorSetting.OnPropertyChanged(System.String)">
            <summary>
            内部使用。
            </summary>
            <param name="propertyName">属性名。</param>
        </member>
        <member name="M:GrapeCity.Forguncy.Plugin.EditorSetting.GetDataTemplate">
            <summary>
            属性编辑器对应的数据模板。
            </summary>
            <returns>属性编辑器对应的数据模板。</returns>
        </member>
        <member name="M:GrapeCity.Forguncy.Plugin.EditorSetting.Validate(System.Object)">
            <summary>
            插件内部属性编辑器的校验处理。
            </summary>
            <param name="propValue">属性的值。</param>
            <returns>校验通过返回True，否则返回False。</returns>
        </member>
        <member name="M:GrapeCity.Forguncy.Plugin.EditorSetting.UpdateDisplayName(System.String)">
            <summary>
            返回属性名称的后缀字符串
            </summary>
            <returns></returns>
        </member>
        <member name="P:GrapeCity.Forguncy.Plugin.EditorSetting.ContentWidth">
            <summary>
             内容区域宽度
            </summary>
        </member>
        <member name="P:GrapeCity.Forguncy.Plugin.EditorSetting.LabelVerticalAlignment">
            <summary>
              标签打垂直对齐方式
            </summary>
        </member>
        <member name="T:GrapeCity.Forguncy.Plugin.BuiltinEditorSetting">
            <summary>
            活字格内置的属性编辑器。
            </summary>
        </member>
        <member name="P:GrapeCity.Forguncy.Plugin.BuiltinEditorSetting.TemplateName">
            <summary>
            内置的数据模板名称。
            </summary>
        </member>
        <member name="M:GrapeCity.Forguncy.Plugin.BuiltinEditorSetting.GetDataTemplate">
            <summary>
            根据模板名称找到对应的属性编辑器的数据模板。
            </summary>
            <returns>属性编辑器的数据模板。</returns>
            <example>
            <para>自定义属性编辑器的数据模板。</para>
            <code lang="CS">
            public class PassValueItemsEditorSetting : BuiltinEditorSetting
            {
                public override DataTemplate GetDataTemplate()
                {
                    var myResourceDictionary = new ResourceDictionary()
                    {
                        Source = new Uri("/PassListviewDataCommand;component/Control/Dictionary1.xaml", UriKind.RelativeOrAbsolute)
                    };
                    return myResourceDictionary["passValueItemsEditor"] as DataTemplate;
                }
            }
            </code>
            </example>
        </member>
        <member name="T:GrapeCity.Forguncy.Plugin.HyperlinkBaseEditorSetting">
            <summary>
              超链接类型的属性编辑控件
            </summary>
        </member>
        <member name="P:GrapeCity.Forguncy.Plugin.HyperlinkBaseEditorSetting.FontSize">
            <summary>
            字体大小
            </summary>
        </member>
        <member name="P:GrapeCity.Forguncy.Plugin.HyperlinkBaseEditorSetting.Margin">
            <summary>
            外边距
            </summary>
        </member>
        <member name="P:GrapeCity.Forguncy.Plugin.HyperlinkBaseEditorSetting.DescriptionMargin">
            <summary>
            描述气泡图标外边距
            </summary>
        </member>
        <member name="M:GrapeCity.Forguncy.Plugin.HyperlinkBaseEditorSetting.UpdateDisplayName(System.String)">
            <summary>
            更新显示名，默认实现会在属性名后加...表示有二级弹出
            </summary>
            <returns></returns>
        </member>
        <member name="T:GrapeCity.Forguncy.Plugin.TextEditorSetting">
            <summary>
            文本类型的属性对应的编辑器，如[水印]属性。
            </summary>
            <example>
            <code lang="CS">
            public override EditorSetting GetEditorSetting(PropertyDescriptor property, IBuilderContext builderContext)
            {
                return new TextEditorSetting();
            }
            </code>
            </example>
        </member>
        <member name="P:GrapeCity.Forguncy.Plugin.TextEditorSetting.TemplateName">
            <summary>
            内置的文本编辑器的模板名称。
            </summary>
        </member>
        <member name="T:GrapeCity.Forguncy.Plugin.CheckBoxEidtorSetting">
            <summary>
            是/否类型的属性对应的编辑器，如[只读]属性。
            </summary>
        </member>
        <member name="M:GrapeCity.Forguncy.Plugin.CheckBoxEidtorSetting.#ctor">
            <summary>
            构造函数。
            </summary>
        </member>
        <member name="P:GrapeCity.Forguncy.Plugin.CheckBoxEidtorSetting.TemplateName">
            <summary>
            内置的是/否类型属性编辑器的模板名称。
            </summary>
        </member>
        <member name="P:GrapeCity.Forguncy.Plugin.CheckBoxEidtorSetting.DefaultMargin">
            <summary>
            
            </summary>
        </member>
        <member name="P:GrapeCity.Forguncy.Plugin.CheckBoxEidtorSetting.DefaultCaptionVisibility">
            <summary>
            内置的是否类型属性编辑器的标题默认不显示。
            </summary>
        </member>
        <member name="T:GrapeCity.Forguncy.Plugin.OrientationEidtorSetting">
            <summary>
            排列方向类型的属性对应的编辑器，如单选按钮使用的[布局]属性。
            </summary>
        </member>
        <member name="P:GrapeCity.Forguncy.Plugin.OrientationEidtorSetting.TemplateName">
            <summary>
            内置的排序方向类型的属性编辑器对应的模板名称。
            </summary>
        </member>
        <member name="T:GrapeCity.Forguncy.Plugin.DoubleEditorSetting">
            <summary>
            小数类型的属性对应的编辑器，如地图插件使用的[经度]或[纬度]属性。
            </summary>
        </member>
        <member name="P:GrapeCity.Forguncy.Plugin.DoubleEditorSetting.TemplateName">
            <summary>
            内置的小数类型的属性编辑器对应的模板名称。
            </summary>
        </member>
        <member name="P:GrapeCity.Forguncy.Plugin.DoubleEditorSetting.Min">
            <summary>
            整数类型的属性编辑器的最小值。
            </summary>
        </member>
        <member name="P:GrapeCity.Forguncy.Plugin.DoubleEditorSetting.Max">
            <summary>
            整数类型的属性编辑器的最大值。
            </summary>
        </member>
        <member name="P:GrapeCity.Forguncy.Plugin.DoubleEditorSetting.AllowNull">
            <summary>
            是否允许清空整数类型的属性编辑器的值。
            </summary>
        </member>
        <member name="P:GrapeCity.Forguncy.Plugin.DoubleEditorSetting.Watermark">
            <summary>
            整数类型的属性编辑器的值为空时显示的水印。
            </summary>
        </member>
        <member name="T:GrapeCity.Forguncy.Plugin.PercentageEditorSetting">
            <summary>
            百分比类型的编辑器
            </summary>
        </member>
        <member name="P:GrapeCity.Forguncy.Plugin.PercentageEditorSetting.TemplateName">
            <summary>
            内置的小数类型的属性编辑器对应的模板名称。
            </summary>
        </member>
        <member name="T:GrapeCity.Forguncy.Plugin.IntEditorSetting">
            <summary>
            整数类型的属性对应的编辑器，如单选按钮使用的[项目间距]属性。
            </summary>
        </member>
        <member name="P:GrapeCity.Forguncy.Plugin.IntEditorSetting.TemplateName">
            <summary>
            内置的整数类型的属性编辑器对应的模板名称。
            </summary>
        </member>
        <member name="M:GrapeCity.Forguncy.Plugin.IntEditorSetting.#ctor">
            <summary>
            构造函数。
            </summary>
        </member>
        <member name="M:GrapeCity.Forguncy.Plugin.IntEditorSetting.#ctor(System.Int32,System.Int32)">
            <summary>
            构造函数，指定了最小值和最大值的整数类型的编辑器。
            </summary>
            <param name="min"></param>
            <param name="max"></param>
        </member>
        <member name="P:GrapeCity.Forguncy.Plugin.IntEditorSetting.Min">
            <summary>
            整数类型的属性编辑器的最小值。
            </summary>
        </member>
        <member name="P:GrapeCity.Forguncy.Plugin.IntEditorSetting.Max">
            <summary>
            整数类型的属性编辑器的最大值。
            </summary>
        </member>
        <member name="P:GrapeCity.Forguncy.Plugin.IntEditorSetting.AllowNull">
            <summary>
            是否允许清空整数类型的属性编辑器的值。
            </summary>
        </member>
        <member name="P:GrapeCity.Forguncy.Plugin.IntEditorSetting.Watermark">
            <summary>
            整数类型的属性编辑器的值为空时显示的水印。
            </summary>
        </member>
        <member name="T:GrapeCity.Forguncy.Plugin.ColorSelectorEditorSetting">
            <summary>
            颜色类型的属性对应的编辑器，如[颜色]属性。
            </summary>
        </member>
        <member name="M:GrapeCity.Forguncy.Plugin.ColorSelectorEditorSetting.#ctor">
            <summary>
            构造函数。
            </summary>
        </member>
        <member name="P:GrapeCity.Forguncy.Plugin.ColorSelectorEditorSetting.SupportNoFill">
            <summary>
            支持选择无填充
            </summary>
        </member>
        <member name="P:GrapeCity.Forguncy.Plugin.ColorSelectorEditorSetting.SupportTranslucency">
            <summary>
            支持选择半透明色
            </summary>
        </member>
        <member name="P:GrapeCity.Forguncy.Plugin.ColorSelectorEditorSetting.TemplateName">
            <summary>
            内置颜色对象编辑器对应的模板名称。
            </summary>
        </member>
        <member name="T:GrapeCity.Forguncy.Plugin.SelectRowInTablePropertySetting">
            <summary>
            颜色类型的属性对应的编辑器，如[颜色]属性。
            </summary>
        </member>
        <member name="M:GrapeCity.Forguncy.Plugin.SelectRowInTablePropertySetting.#ctor">
            <summary>
            构造函数。
            </summary>
        </member>
        <member name="P:GrapeCity.Forguncy.Plugin.SelectRowInTablePropertySetting.TemplateName">
            <summary>
            模板名称。
            </summary>
        </member>
        <member name="P:GrapeCity.Forguncy.Plugin.SelectRowInTablePropertySetting.ContentWidth">
            <summary>
            
            </summary>
        </member>
        <member name="P:GrapeCity.Forguncy.Plugin.SelectRowInTablePropertySetting.LabelVerticalAlignment">
            <summary>
            
            </summary>
        </member>
        <member name="P:GrapeCity.Forguncy.Plugin.SelectRowInTablePropertySetting.Orientation">
            <summary>
            
            </summary>
        </member>
        <member name="T:GrapeCity.Forguncy.Plugin.FormulaSelectorEditorSetting">
            <summary>
            公式类型的属性对应的编辑器，如[缺省值]属性。
            </summary>
        </member>
        <member name="M:GrapeCity.Forguncy.Plugin.FormulaSelectorEditorSetting.#ctor(System.Boolean)">
            <summary>
            构造函数。
            </summary>
            <param name="onlySupportCell">是否只能选择单元格。</param>
        </member>
        <member name="P:GrapeCity.Forguncy.Plugin.FormulaSelectorEditorSetting.OnlySupportCell">
            <summary>
            是否只能选择单元格，不支持单元格区域或者函数。
            </summary>
        </member>
        <member name="P:GrapeCity.Forguncy.Plugin.FormulaSelectorEditorSetting.ShowSheetName">
            <summary>
            显示公式对象所在的页面名称如=Page1!A1或者不显示页面名称如=A1。
            </summary>
        </member>
        <member name="P:GrapeCity.Forguncy.Plugin.FormulaSelectorEditorSetting.SupportParameters">
            <summary>
             标记支持在下拉框中显示上下文参数
            </summary>
        </member>
        <member name="P:GrapeCity.Forguncy.Plugin.FormulaSelectorEditorSetting.RecommendedValues">
            <summary>
            推荐值，可以通过下拉选择
            </summary>
        </member>
        <member name="P:GrapeCity.Forguncy.Plugin.FormulaSelectorEditorSetting.ContextVariables">
            <summary>
            此公式可用的上下文变量，多个用“|”分隔，描述用“：”分隔
            </summary>
        </member>
        <member name="P:GrapeCity.Forguncy.Plugin.FormulaSelectorEditorSetting.AcceptsReturn">
            <summary>
             是否支持输入多行
            </summary>
        </member>
        <member name="P:GrapeCity.Forguncy.Plugin.FormulaSelectorEditorSetting.ShowSideButton">
            <summary>
            是否显示公式选择按钮
            </summary>
        </member>
        <member name="P:GrapeCity.Forguncy.Plugin.FormulaSelectorEditorSetting.TemplateName">
            <summary>
            内置公式对象编辑器对应的模板名称。
            </summary>
        </member>
        <member name="T:GrapeCity.Forguncy.Plugin.HyperlinkEditorSetting">
            <summary>
            超链接编辑器，如果一个属性比较复杂，需要单独提供一个对话框去设置属性内部的值的时候会用到这个编辑器，如[编辑菜单项目...]属性。
            </summary>
        </member>
        <member name="P:GrapeCity.Forguncy.Plugin.HyperlinkEditorSetting.DefaultCaptionVisibility">
            <summary>
            内置的超链接编辑器的标题默认不显示。
            </summary>
        </member>
        <member name="M:GrapeCity.Forguncy.Plugin.HyperlinkEditorSetting.#ctor(System.Windows.Input.ICommand)">
            <summary>
            构造函数。
            </summary>
            <param name="command">点击超链接要执行的命令。</param>
        </member>
        <member name="P:GrapeCity.Forguncy.Plugin.HyperlinkEditorSetting.Command">
            <summary>
            点击超链接要执行的命令。
            </summary>
        </member>
        <member name="P:GrapeCity.Forguncy.Plugin.HyperlinkEditorSetting.TemplateName">
            <summary>
            内置的超链接属性编辑器对应的模板名称。
            </summary>
        </member>
        <member name="T:GrapeCity.Forguncy.Plugin.ImageEditorSetting">
            <summary>
            图片编辑器。如图片类型使用的[选择图片...]属性。
            </summary>
        </member>
        <member name="P:GrapeCity.Forguncy.Plugin.ImageEditorSetting.SupportSvg">
            <summary>
            是否支持SVG。
            </summary>
        </member>
        <member name="P:GrapeCity.Forguncy.Plugin.ImageEditorSetting.DefaultIconColor">
            <summary>没有图标时，打开对话框的默认图标颜色
            </summary>
        </member>
        <member name="P:GrapeCity.Forguncy.Plugin.ImageEditorSetting.DefaultActiveTabIndex">
            <summary>没有图标时，打开对话的默认选项卡序号，0是Image，1是Svg
            </summary>
        </member>
        <member name="P:GrapeCity.Forguncy.Plugin.ImageEditorSetting.DefaultUseCellColor">
            <summary>没有图标时，打开对话的默认Svg是否勾选使用单元格颜色
            </summary>
        </member>
        <member name="P:GrapeCity.Forguncy.Plugin.ImageEditorSetting.SupportUseCellColor">
            <summary>是否支持除Svg使用单元格颜色
            </summary>
        </member>
        <member name="P:GrapeCity.Forguncy.Plugin.ImageEditorSetting.TemplateName">
            <summary>
            内置图片选择器对应的模板名称。
            </summary>
        </member>
        <member name="T:GrapeCity.Forguncy.Plugin.CellTypeStyleTemplateEditorSetting">
            <summary>
            单元格主题样式选择器。如流程命令条类型使用的[动作按钮样式...]属性。
            </summary>
        </member>
        <member name="P:GrapeCity.Forguncy.Plugin.CellTypeStyleTemplateEditorSetting.TemplateName">
            <summary>
            内置单元格主题样式选择器对应的模板名称。
            </summary>
        </member>
        <member name="T:GrapeCity.Forguncy.Plugin.TableComboTreeSelectorEditorSetting">
            <summary>
            数据表选择器。如数据导航按钮中使用的[导航表]属性。
            </summary>
        </member>
        <member name="P:GrapeCity.Forguncy.Plugin.TableComboTreeSelectorEditorSetting.TemplateName">
            <summary>
            内建数据表选择器对应的模板名称。
            </summary>
        </member>
        <member name="T:GrapeCity.Forguncy.Plugin.TimeValueEditorSetting">
            <summary>
            时间类型编辑器。如时间单元类型使用的[下拉框开始时间]属性。
            </summary>
        </member>
        <member name="P:GrapeCity.Forguncy.Plugin.TimeValueEditorSetting.TemplateName">
            <summary>
            内置时间类型属性编辑器对应的模板名称。
            </summary>
        </member>
        <member name="T:GrapeCity.Forguncy.Plugin.ComboEditorSetting">
            <summary>
            组合框。如菜单中使用的[主题]属性。
            </summary>
        </member>
        <member name="M:GrapeCity.Forguncy.Plugin.ComboEditorSetting.#ctor(System.Object,System.String,System.String)">
            <summary>
            构造函数。
            </summary>
            <param name="source">下拉项目集合。</param>
            <param name="displayMember">下拉项目文本属性。</param>
            <param name="valueMember">下拉项目值属性。</param>
        </member>
        <member name="P:GrapeCity.Forguncy.Plugin.ComboEditorSetting.IsReadOnly">
            <summary>
            是否为只读。
            </summary>
        </member>
        <member name="P:GrapeCity.Forguncy.Plugin.ComboEditorSetting.Searchable">
            <summary>
            是否支持搜索。
            </summary>
        </member>
        <member name="P:GrapeCity.Forguncy.Plugin.ComboEditorSetting.Source">
            <summary>
            下拉项目集合。
            </summary>
        </member>
        <member name="P:GrapeCity.Forguncy.Plugin.ComboEditorSetting.DisplayMember">
            <summary>
            下拉项目文本属性。
            </summary>
        </member>
        <member name="P:GrapeCity.Forguncy.Plugin.ComboEditorSetting.ValueMember">
            <summary>
            下拉项目值属性。
            </summary>
        </member>
        <member name="P:GrapeCity.Forguncy.Plugin.ComboEditorSetting.TemplateName">
            <summary>
            内置组合框对应的模板名称。
            </summary>
        </member>
        <member name="T:GrapeCity.Forguncy.Plugin.RadioEditorSetting">
            <summary>
            单元按钮编辑框
            </summary>
        </member>
        <member name="M:GrapeCity.Forguncy.Plugin.RadioEditorSetting.#ctor(System.Object,System.String,System.String)">
            <summary>
            构造函数
            </summary>
            <param name="source">项目集合</param>
            <param name="displayMember">项目文本属性</param>
            <param name="valueMember">项目值属性</param>
        </member>
        <member name="P:GrapeCity.Forguncy.Plugin.RadioEditorSetting.Source">
            <summary>
            项目集合。
            </summary>
        </member>
        <member name="P:GrapeCity.Forguncy.Plugin.RadioEditorSetting.DisplayMember">
            <summary>
            项目文本属性。
            </summary>
        </member>
        <member name="P:GrapeCity.Forguncy.Plugin.RadioEditorSetting.ValueMember">
            <summary>
            下拉项目值属性。
            </summary>
        </member>
        <member name="P:GrapeCity.Forguncy.Plugin.RadioEditorSetting.TemplateName">
            <summary>
            单选按钮对应的模板名称。
            </summary>
        </member>
        <member name="T:GrapeCity.Forguncy.Plugin.EnumValueEditorSetting">
            <summary>
            枚举类型编辑器。如菜单中使用的[主题]属性。
            </summary>
        </member>
        <member name="P:GrapeCity.Forguncy.Plugin.EnumValueEditorSetting.EnumType">
            <summary>
            
            </summary>
        </member>
        <member name="M:GrapeCity.Forguncy.Plugin.EnumValueEditorSetting.#ctor(System.Type)">
            <summary>
            构造函数。
            </summary>
            <param name="enumType">枚举类型。</param>
        </member>
        <member name="T:GrapeCity.Forguncy.Plugin.DataSourceEditorSetting">
            <summary>
             绑定数据源编辑器
            </summary>
        </member>
        <member name="P:GrapeCity.Forguncy.Plugin.DataSourceEditorSetting.DefaultCaptionVisibility">
            <summary>
            命令插件中的属性编辑器中的属性名是否显示。
            </summary>
        </member>
        <member name="P:GrapeCity.Forguncy.Plugin.DataSourceEditorSetting.TemplateName">
            <summary>
             Internal use
            </summary>
        </member>
        <member name="P:GrapeCity.Forguncy.Plugin.DataSourceEditorSetting.ColumnItems">
            <summary>
            数据源列配置
            </summary>
        </member>
        <member name="P:GrapeCity.Forguncy.Plugin.DataSourceEditorSetting.IsListviewDataSource">
            <summary>
            是否为表格数据源
            </summary>
        </member>
        <member name="P:GrapeCity.Forguncy.Plugin.DataSourceEditorSetting.AllowQueryRowCount">
            <summary>
            是否允许查询行数
            </summary>
        </member>
        <member name="P:GrapeCity.Forguncy.Plugin.DataSourceEditorSetting.AutoGenerateColumns">
            <summary>
            是否自动生成列
            </summary>
        </member>
        <member name="P:GrapeCity.Forguncy.Plugin.DataSourceEditorSetting.IsIdPidStructure">
            <summary>
              表示是否是 Id-pid 树结构
            </summary>
        </member>
        <member name="P:GrapeCity.Forguncy.Plugin.DataSourceEditorSetting.TreeIdColumnName">
            <summary>
              表示 Id-pid 树结构的Id列列名，只有IsIdPidStructure 为Tree时有效
            </summary>
        </member>
        <member name="P:GrapeCity.Forguncy.Plugin.DataSourceEditorSetting.TreePidColumnName">
            <summary>
              表示 Id-pid 树结构的Pid列列名，只有IsIdPidStructure 为Tree时有效
            </summary>
        </member>
        <member name="P:GrapeCity.Forguncy.Plugin.DataSourceEditorSetting.AllowAddCustomColumns">
            <summary>
            允许添加自定义列
            </summary>
        </member>
        <member name="T:GrapeCity.Forguncy.Plugin.IEditorSettingsDataContext">
            <summary>
            属性编辑器上下文信息。
            </summary>
        </member>
        <member name="P:GrapeCity.Forguncy.Plugin.IEditorSettingsDataContext.Value">
            <summary>
            属性的值。
            </summary>
            <example>
            <code lang="CS">
            <ResourceDictionary xmlns="http://schemas.microsoft.com/winfx/2006/xaml/presentation"
                                xmlns:x="http://schemas.microsoft.com/winfx/2006/xaml"
                                xmlns:local="clr-namespace:PassListviewDataCommand">
                <DataTemplate x:Key="TextPropertyTemplate">
                    <TextBox Text = "{Binding Value, Mode=TwoWay}" />
                </DataTemplate >
            </ResourceDictionary>
            </code>
            </example>
        </member>
        <member name="P:GrapeCity.Forguncy.Plugin.IEditorSettingsDataContext.EditorSetting">
            <summary>
            属性编辑器。
            </summary>
        </member>
        <member name="T:GrapeCity.Forguncy.Plugin.ObjectDesigner">
            <summary>
            对象设计器
            </summary>
        </member>
        <member name="P:GrapeCity.Forguncy.Plugin.ObjectDesigner.Obj">
            <summary>
            编辑的对象
            </summary>
        </member>
        <member name="M:GrapeCity.Forguncy.Plugin.ObjectDesigner.GetEditorSetting(System.ComponentModel.PropertyDescriptor,GrapeCity.Forguncy.Plugin.IBuilderContextBase)">
            <summary>
            获取属性对应的属性编辑器。
            </summary>
            <param name="property">属性信息</param>
            <param name="contextBase">上下文信息</param>
            <returns>属性编辑器。</returns>
            <example>
            <code lang="CS">
            public class MyObjectDesigner : ObjectDesigner
            {
                public override EditorSetting GetEditorSetting(PropertyDescriptor property, IBuilderContextBase contextBase)
                {
                    if(property.Name == "Text")
                    {
                        return new TextEditorSetting();
                    }
                }
            }
            </code>
            </example>
        </member>
        <member name="T:GrapeCity.Forguncy.Plugin.FlatObjectPropertyAttributeEditorSetting">
            <summary>
            对象子属性展平显示编辑器
            </summary>
        </member>
        <member name="P:GrapeCity.Forguncy.Plugin.FlatObjectPropertyAttributeEditorSetting.DefaultCaptionVisibility">
            <summary>
            命令插件中的属性编辑器中的属性名是否显示。
            </summary>
        </member>
        <member name="P:GrapeCity.Forguncy.Plugin.FlatObjectPropertyAttributeEditorSetting.TemplateName">
            <summary>
            
            </summary>
        </member>
        <member name="T:GrapeCity.Forguncy.Plugin.UserControlPageSelectorEditorSetting">
            <summary>
            组件选择编辑器
            </summary>
        </member>
        <member name="P:GrapeCity.Forguncy.Plugin.UserControlPageSelectorEditorSetting.TemplateName">
            <summary>
            
            </summary>
        </member>
        <member name="T:GrapeCity.Forguncy.Plugin.RolePermissionEditorSetting">
            <summary>
             角色选择编辑器
            </summary>
        </member>
        <member name="M:GrapeCity.Forguncy.Plugin.RolePermissionEditorSetting.#ctor">
            <summary>
             构造函数
            </summary>
        </member>
        <member name="M:GrapeCity.Forguncy.Plugin.RolePermissionEditorSetting.#ctor(System.Boolean)">
            <summary>
              构造函数
            </summary>
            <param name="allowUncheckAllRoles"></param>
        </member>
        <member name="P:GrapeCity.Forguncy.Plugin.RolePermissionEditorSetting.TemplateName">
            <summary>
            
            </summary>
        </member>
        <member name="P:GrapeCity.Forguncy.Plugin.RolePermissionEditorSetting.Margin">
            <summary>
            
            </summary>
        </member>
        <member name="P:GrapeCity.Forguncy.Plugin.RolePermissionEditorSetting.LabelVerticalAlignment">
            <summary>
            
            </summary>
        </member>
        <member name="P:GrapeCity.Forguncy.Plugin.RolePermissionEditorSetting.AllowUncheckAllRoles">
            <summary>
            是否允许不选择任何角色
            </summary>
        </member>
        <member name="M:GrapeCity.Forguncy.Plugin.RolePermissionEditorSetting.Validate(System.Object)">
            <summary>
            
            </summary>
            <param name="propValue"></param>
            <returns></returns>
        </member>
        <member name="T:GrapeCity.Forguncy.Plugin.FontFamilyPropertyEditorSetting">
            <summary>
             字体选择编辑器
            </summary>
        </member>
        <member name="P:GrapeCity.Forguncy.Plugin.FontFamilyPropertyEditorSetting.TemplateName">
            <summary>
            
            </summary>
        </member>
    </members>
</doc>
