<?xml version="1.0"?>
<doc>
    <assembly>
        <name>GrapeCity.Forguncy.ServerApi</name>
    </assembly>
    <members>
        <member name="T:GrapeCity.Forguncy.ServerApi.GetAttribute">
            <summary>
            指定GET方法要执行的Action。
            </summary>
        </member>
        <member name="T:GrapeCity.Forguncy.ServerApi.PostAttribute">
            <summary>
            指定POST方法要执行的Action。
            </summary>
        </member>
        <member name="T:GrapeCity.Forguncy.ServerApi.ScheduleApiAttribute">
            <summary>
            指定该Action应定期执行。
            </summary>
        </member>
        <member name="M:GrapeCity.Forguncy.ServerApi.ScheduleApiAttribute.#ctor(System.String,System.String)">
             <summary>
             指定这是在指定的时间和时间间隔内执行的预定Action。
             </summary>
             <param name="startWhen">
             定期执行时间。 如 "12：30：00"。
             </param>
             <param name="interval">
             定期执行的时间间隔。 应指定为字符串，如 "7"。
             </param>
             <example>
            下面的代码示例是一种每周12:30运行（每周7天）的方法。
             <code>
             public class Class1 : ForguncyApi
             {
                 [ScheduleApi("12:30:0", "7")]
                 public void SampleScheduleApi1()
                 {
                     //在这里描述过程。
                 }
             }
             </code>
             </example>
        </member>
        <member name="M:GrapeCity.Forguncy.ServerApi.ScheduleApiAttribute.#ctor(System.String)">
            <summary>
            指定Action应以指定的时间间隔定期执行。
            </summary>
            <param name="interval">
            定期处理间隔。 用诸如“ 3：0：0”之类的字符串指定。 
            </param>
            <example>
            下面是一个每三小时运行一次的方法的示例代码。 
            <code>
            public class Class1 : ForguncyApi
            {
                [ScheduleApi("3:0:0")]
                public void SampleScheduleApi2()
                {
                    //在这里描述过程。
                }
            }
            </code>
            </example>
        </member>
        <member name="P:GrapeCity.Forguncy.ServerApi.ScheduleApiAttribute.StartWhen">
            <summary>
            获取当前设置的定期执行的执行时间。
            </summary>
        </member>
        <member name="P:GrapeCity.Forguncy.ServerApi.ScheduleApiAttribute.Interval">
            <summary>
            获取当前设置的定期执行间隔。
            </summary>
        </member>
        <member name="P:GrapeCity.Forguncy.ServerApi.ScheduleApiAttribute.StartWheServerStart">
            <summary>
            保留此属性是为了兼容性。 不要使用此属性，请使用StartWhenServerStart属性。
            获取是否从Forguncy Server启动时开始安排运行。
            </summary>
        </member>
        <member name="P:GrapeCity.Forguncy.ServerApi.ScheduleApiAttribute.StartWhenServerStart">
            <summary>
            获取是否从Forguncy Server启动时开始安排运行。
            </summary>
        </member>
        <member name="P:GrapeCity.Forguncy.ServerApi.ScheduleApiAttribute.IsValid">
            <summary>
            获取设置的间隔是否有效。
            </summary>
        </member>
        <member name="T:GrapeCity.Forguncy.ServerApi.IDataAccess">
            <summary>
            提供访问Forguncy表的方法。
            </summary>
        </member>
        <member name="M:GrapeCity.Forguncy.ServerApi.IDataAccess.GetTableData(System.String,GrapeCity.Forguncy.ServerApi.ColumnValuePair)">
            <summary>
            从表中获取与指定值匹配的记录。
            </summary>
            <param name="tableName">
            要获取的表名。
            </param>
            <param name="primaryKey">
            字段名称/值对（使用唯一字段）以指定找到的集合
            </param>
            <example>
            下面的代码示例根据POST方法请求的内容在Forguncy表中检索特定记录。
            <code>
            public class SampleApi : ForguncyApi
            {
                [Post]
                public void GetDataSample()
                {
                    StreamReader reader = new StreamReader(this.Context.Request.Body);
                    string message = reader.ReadToEnd();
                    var valuePair = JsonConvert.DeserializeObject&lt;ColumnValuePair&gt;(message);
            
                    using (var responseWriter = new StreamWriter(this.Context.Response.Body, Encoding.UTF8))
                    {
                        responseWriter.Write(JsonConvert.SerializeObject(this.DataAccess.GetTableData("SampleTable1", valuePair), Formatting.Indented));
                    }
                }
            }
            </code>
            </example>
        </member>
        <member name="M:GrapeCity.Forguncy.ServerApi.IDataAccess.GetTableDataAsync(System.String,GrapeCity.Forguncy.ServerApi.ColumnValuePair)">
            <summary>
            从表中获取与指定值匹配的记录。
            </summary>
            <param name="tableName">
            要获取的表名。
            </param>
            <param name="primaryKey">
            字段名称/值对（使用唯一字段）以指定找到的集合
            </param>
            <example>
            下面的代码示例根据POST方法请求的内容在Forguncy表中检索特定记录。
            <code>
            public class SampleApi : ForguncyApi
            {
                [Post]
                public async Task GetDataSample()
                {
                    StreamReader reader = new StreamReader(this.Context.Request.Body);
                    string message = reader.ReadToEnd();
                    var valuePair = JsonConvert.DeserializeObject&lt;ColumnValuePair&gt;(message);
            
                    using (var responseWriter = new StreamWriter(this.Context.Response.Body, Encoding.UTF8))
                    {
                        responseWriter.Write(JsonConvert.SerializeObject(await this.DataAccess.GetTableDataAsync("SampleTable1", valuePair), Formatting.Indented));
                    }
                }
            }
            </code>
            </example>
        </member>
        <member name="M:GrapeCity.Forguncy.ServerApi.IDataAccess.GetTableData(System.String)">
            <summary>
            通过指定OData路径获取一条记录。 在资源路径之后指定OData路径，但不包括根URI。
            </summary>
            <param name="odataPath">
            OData路径。
            </param>
            <example>
            下面的代码示例在POST方法中接收OData路径，并基于该路径检索Forguncy表中的记录。
            <code>
            public class SampleApi : ForguncyApi
            {
                [Post]
                public void GetDataSampleByOData()
                {
                    StreamReader reader = new StreamReader(this.Context.Request.Body);
                    string message = reader.ReadToEnd();
            
                    using (var responseWriter = new StreamWriter(this.Context.Response.Body, Encoding.UTF8))
                    {
                        responseWriter.Write(JsonConvert.SerializeObject(this.DataAccess.GetTableData(message), Formatting.Indented));
                    }
                }
            }
            </code>
            </example>
        </member>
        <member name="M:GrapeCity.Forguncy.ServerApi.IDataAccess.GetTableDataAsync(System.String)">
            <summary>
            通过指定OData路径获取一条记录。 在资源路径之后指定OData路径，但不包括根URI。
            </summary>
            <param name="odataPath">
            OData路径。
            </param>
            <example>
            下面的代码示例在POST方法中接收OData路径，并基于该路径检索Forguncy表中的记录。
            <code>
            public class SampleApi : ForguncyApi
            {
                [Post]
                public async Task GetDataSampleByOData()
                {
                    StreamReader reader = new StreamReader(this.Context.Request.Body);
                    string message = reader.ReadToEnd();
            
                    using (var responseWriter = new StreamWriter(this.Context.Response.Body, Encoding.UTF8))
                    {
                        responseWriter.Write(JsonConvert.SerializeObject(await this.DataAccess.GetTableDataAsync(message), Formatting.Indented));
                    }
                }
            }
            </code>
            </example>
        </member>
        <member name="M:GrapeCity.Forguncy.ServerApi.IDataAccess.GetTableDataAsync(System.String,System.Collections.Generic.IEnumerable{System.Object},System.Object,System.Object,System.Object,System.Object)">
            <summary>
            
            </summary>
            <param name="tableName"></param>
            <param name="bindingInfos"></param>
            <param name="queryCondition"></param>
            <param name="orderBy"></param>
            <param name="top"></param>
            <param name="offset"></param>
            <returns></returns>
        </member>
        <member name="M:GrapeCity.Forguncy.ServerApi.IDataAccess.GetTableDataAsync(System.String,System.Collections.Generic.IEnumerable{System.Object},System.Object,System.Object,System.Object,System.Boolean,System.Object)">
            <summary>
            
            </summary>
            <param name="tableName"></param>
            <param name="bindingInfos"></param>
            <param name="queryCondition"></param>
            <param name="orderBy"></param>
            <param name="top"></param>
            <param name="offset"></param>
            <param name="needUpdateQueryCondition"></param>
            <returns></returns>
        </member>
        <member name="M:GrapeCity.Forguncy.ServerApi.IDataAccess.GetTableDataRowCountAsync(System.String,System.Object)">
            <summary>
            Internal use
            </summary>
            <param name="tableName"></param>
            <param name="queryCondition"></param>
            <returns></returns>
        </member>
        <member name="M:GrapeCity.Forguncy.ServerApi.IDataAccess.GetTableDataRowCountAsync(System.String,System.Object,System.Boolean)">
            <summary>
            Internal use
            </summary>
            <param name="tableName"></param>
            <param name="queryCondition"></param>
            <param name="needUpdateQueryCondition"></param>
            <returns></returns>
        </member>
        <member name="M:GrapeCity.Forguncy.ServerApi.IDataAccess.UpdateTableData(System.String,GrapeCity.Forguncy.ServerApi.ColumnValuePair,System.Collections.Generic.Dictionary{System.String,System.Object})">
            <summary>
            更新与指定值匹配的记录。
            </summary>
            <param name="tableName">
            更新目标表名称。
            </param>
            <param name="primaryKey">
            字段名称/值对（使用唯一字段）以指定找到的集合。
            </param>
            <param name="updateValues">
            要被更新的值，Key表示列名，值是要被更新的值。
            </param>
            <example>
            下面的代码示例根据POST方法请求的内容更新Forguncy表中的特定记录。
            <code>
            public class SampleApi : ForguncyApi
            {
                [Post]
                public void UpdateDataSample()
                {
                    StreamReader reader = new StreamReader(this.Context.Request.Body);
                    string message = reader.ReadToEnd();
                    UpdateObj updateData = JsonConvert.DeserializeObject&lt;UpdateObj&gt;(message);
                    var targetRecord = new ColumnValuePair() { ColumnName = "ID", Value = updateData.ID };
            
                    this.DataAccess.UpdateTableData("SampleTable1", targetRecord, updateData.UpdateData);
                }
            }
            </code>
            </example>
        </member>
        <member name="M:GrapeCity.Forguncy.ServerApi.IDataAccess.UpdateTableDataAsync(System.String,GrapeCity.Forguncy.ServerApi.ColumnValuePair,System.Collections.Generic.Dictionary{System.String,System.Object})">
            <summary>
            更新与指定值匹配的记录。
            </summary>
            <param name="tableName">
            更新目标表名称。
            </param>
            <param name="primaryKey">
            字段名称/值对（使用唯一字段）以指定找到的集合。
            </param>
            <param name="updateValues">
            要被更新的值，Key表示列名，值是要被更新的值。
            </param>
            <example>
            下面的代码示例根据POST方法请求的内容更新Forguncy表中的特定记录。
            <code>
            public class SampleApi : ForguncyApi
            {
                [Post]
                public async Task UpdateDataSample()
                {
                    StreamReader reader = new StreamReader(this.Context.Request.Body);
                    string message = reader.ReadToEnd();
                    UpdateObj updateData = JsonConvert.DeserializeObject&lt;UpdateObj&gt;(message);
                    var targetRecord = new ColumnValuePair() { ColumnName = "ID", Value = updateData.ID };
            
                    await this.DataAccess.UpdateTableDataAsync("SampleTable1", targetRecord, updateData.UpdateData);
                }
            }
            </code>
            </example>
        </member>
        <member name="M:GrapeCity.Forguncy.ServerApi.IDataAccess.DeleteTableData(System.String,GrapeCity.Forguncy.ServerApi.ColumnValuePair)">
             <summary>
             从表中删除与指定值匹配的记录。
             </summary>
             <param name="tableName">
             要删除的表名。
             </param>
             <param name="primaryKey">
             字段名称/值对（使用唯一字段）以指定找到的集合。
             </param>
             <example>
             下面的代码示例根据POST方法发出的请求的内容删除Forguncy表中的特定记录。
             <code>
             public class SampleApi : ForguncyApi
             {
                 [Post]
                 public void DeleteDataSample()
                 {
                     StreamReader reader = new StreamReader(this.Context.Request.Body);
                     string message = reader.ReadToEnd();
                     var valuePair = JsonConvert.DeserializeObject&lt;ColumnValuePair&gt;(message);
            
                     this.DataAccess.DeleteTableData("SampleTable1", valuePair);
                 }
             }
             </code>
             </example>
        </member>
        <member name="M:GrapeCity.Forguncy.ServerApi.IDataAccess.DeleteTableDataAsync(System.String,GrapeCity.Forguncy.ServerApi.ColumnValuePair)">
             <summary>
             从表中删除与指定值匹配的记录。
             </summary>
             <param name="tableName">
             要删除的表名。
             </param>
             <param name="primaryKey">
             字段名称/值对（使用唯一字段）以指定找到的集合。
             </param>
             <example>
             下面的代码示例根据POST方法发出的请求的内容删除Forguncy表中的特定记录。
             <code>
             public class SampleApi : ForguncyApi
             {
                 [Post]
                 public async Task DeleteDataSample()
                 {
                     StreamReader reader = new StreamReader(this.Context.Request.Body);
                     string message = reader.ReadToEnd();
                     var valuePair = JsonConvert.DeserializeObject&lt;ColumnValuePair&gt;(message);
            
                     await this.DataAccess.DeleteTableDataAsync("SampleTable1", valuePair);
                 }
             }
             </code>
             </example>
        </member>
        <member name="M:GrapeCity.Forguncy.ServerApi.IDataAccess.AddTableData(System.String,System.Collections.Generic.Dictionary{System.String,System.Object})">
            <summary>
            将数据添加到指定的表。
            </summary>
            <param name="tableName">
            要向其添加数据的表名。
            </param>
            <param name="newValues">
            作为字段名称和值的集合创建的其他数据。
            </param>
            <example>
            下面的代码示例根据POST方法基于请求的内容将值添加到Forguncy表。
            <code>
            public class SampleApi : ForguncyApi
            {
                [Post]
                public void AddSampleData()
                {
                    StreamReader reader = new StreamReader(this.Context.Request.Body);
                    string message = reader.ReadToEnd();
            
                    Dictionary&lt;string, object&gt; values = new Dictionary&lt;string, object&gt;();
            
                    values.Add("date", DateTime.Now);
                    values.Add("message", message);
                    values.Add("ip", Context.Request.RemoteIpAddress);
            
                    this.DataAccess.AddTableData("SampleTable1", values);
                }
            }
            </code>
            </example>
        </member>
        <member name="M:GrapeCity.Forguncy.ServerApi.IDataAccess.AddTableDataAsync(System.String,System.Collections.Generic.Dictionary{System.String,System.Object})">
            <summary>
            将数据添加到指定的表。
            </summary>
            <param name="tableName">
            要向其添加数据的表名。
            </param>
            <param name="newValues">
            作为字段名称和值的集合创建的其他数据。
            </param>
            <example>
            下面的代码示例根据POST方法基于请求的内容将值添加到Forguncy表。
            <code>
            public class SampleApi : ForguncyApi
            {
                [Post]
                public async Task AddSampleData()
                {
                    StreamReader reader = new StreamReader(this.Context.Request.Body);
                    string message = reader.ReadToEnd();
            
                    Dictionary&lt;string, object&gt; values = new Dictionary&lt;string, object&gt;();
            
                    values.Add("date", DateTime.Now);
                    values.Add("message", message);
                    values.Add("ip", Context.Request.RemoteIpAddress);
            
                    await this.DataAccess.AddTableDataAsync("SampleTable1", values);
                }
            }
            </code>
            </example>
        </member>
        <member name="M:GrapeCity.Forguncy.ServerApi.IDataAccess.AddTableDataWithResultAsync(System.String,System.Collections.Generic.Dictionary{System.String,System.Object},System.Boolean)">
            <summary>
            
            </summary>
            <param name="tableName"></param>
            <param name="newValues"></param>
            <param name="needJustInsertValue"></param>
            <returns></returns>
        </member>
        <member name="M:GrapeCity.Forguncy.ServerApi.IDataAccess.ModifyTablesData(System.Collections.Generic.Dictionary{System.String,GrapeCity.Forguncy.ServerApi.ModifyData})">
            <summary>
            根据多个已编辑的数据更新（添加/编辑/删除）数据。
            </summary>
            <param name="modifyData">
            要编辑的数据列表。
            </param>
            <example>
            下面的代码示例添加，更新和删除多个数据。 添加到DeleteRows属性的ColumnValuePair对象必须指定一个唯一记录，例如ID/值。 添加到EditRows属性的EditData对象的PrimaryKey属性还必须具有唯一记录。
            <code>
            public class SampleApi : ForguncyApi
            {
                [Post]
                public void ModifySampleData()
                {
                    var data = new Dictionary&lt;string, ModifyData&gt;();
                    var modifyData = new ModifyData();
                    modifyData.AddRows.Add(new Dictionary&lt;string, object&gt;
                    {
                        {"字段1", 1 },
                        {"字段2", 2 }
                    });
                    modifyData.DeleteRows.Add(new ColumnValuePair()
                    {
                        ColumnName = "ID",
                        Value = 2
                    });
                    modifyData.EditRows.Add(new EditData()
                    {
                        PrimaryKey = new ColumnValuePair()
                        {
                            ColumnName = "ID",
                            Value = 3
                        },
                        Values = new Dictionary&lt;string, object&gt;
                        {
                            {"字段1", 1 },
                            {"字段2", 2 }
                        }
                    });
                    data.Add("表1", modifyData);
                    this.DataAccess.ModifyTablesData(data);
                }
            }
            </code>
            </example>
        </member>
        <member name="M:GrapeCity.Forguncy.ServerApi.IDataAccess.ModifyTablesDataAsync(System.Collections.Generic.Dictionary{System.String,GrapeCity.Forguncy.ServerApi.ModifyData})">
            <summary>
            根据多个已编辑的数据更新（添加/编辑/删除）数据。
            </summary>
            <param name="modifyData">
            要编辑的数据列表。
            </param>
            <example>
            下面的代码示例添加，更新和删除多个数据。 添加到DeleteRows属性的ColumnValuePair对象必须指定一个唯一记录，例如ID/值。 添加到EditRows属性的EditData对象的PrimaryKey属性还必须具有唯一记录。
            <code>
            public class SampleApi : ForguncyApi
            {
                [Post]
                public async Task ModifySampleData()
                {
                    var data = new Dictionary&lt;string, ModifyData&gt;();
                    var modifyData = new ModifyData();
                    modifyData.AddRows.Add(new Dictionary&lt;string, object&gt;
                    {
                        {"字段1", 1 },
                        {"字段2", 2 }
                    });
                    modifyData.DeleteRows.Add(new ColumnValuePair()
                    {
                        ColumnName = "ID",
                        Value = 2
                    });
                    modifyData.EditRows.Add(new EditData()
                    {
                        PrimaryKey = new ColumnValuePair()
                        {
                            ColumnName = "ID",
                            Value = 3
                        },
                        Values = new Dictionary&lt;string, object&gt;
                        {
                            {"字段1", 1 },
                            {"字段2", 2 }
                        }
                    });
                    data.Add("表1", modifyData);
                    await this.DataAccess.ModifyTablesDataAsync(data);
                }
            }
            </code>
            </example>
        </member>
        <member name="M:GrapeCity.Forguncy.ServerApi.IDataAccess.GetConnectionString(System.String)">
            <summary>
            根据活字格中的表名获取连接字符串
            </summary>
            <param name="tableName">
            活字格中的表名
            </param>
            <returns>
            数据库连接字符串
            </returns>
            <remarks>
            如果指定表为内建表，返回的连接字符为空
            </remarks>
            <exception cref="T:System.ArgumentException">
            找不到指定表时引发该异常
            </exception>
        </member>
        <member name="M:GrapeCity.Forguncy.ServerApi.IDataAccess.GetConnectionStringByID(System.String)">
            <summary>
            通过数据库连接名称获取连接字符串
            </summary>
            <param name="connectionStringID">
            数据库连接名称
            </param>
            <returns>
            数据库连接字符串
            </returns>
            <remarks>
            如果指定的数据库连接名称不存在，返回null
            </remarks>
        </member>
        <member name="M:GrapeCity.Forguncy.ServerApi.IDataAccess.BeginTransaction(System.String)">
            <summary>
            开启事务
            </summary>
            <param name="connectionStr">
            连接字符串
            </param>
        </member>
        <member name="M:GrapeCity.Forguncy.ServerApi.IDataAccess.BeginTransaction(System.String,System.Data.IsolationLevel)">
            <summary>
            开启事务
            </summary>
            <param name="connectionStr">
            连接字符串
            </param>
            <param name="isolationLevel">
            隔离级别
            </param>
        </member>
        <member name="M:GrapeCity.Forguncy.ServerApi.IDataAccess.CommitTransaction(System.String)">
            <summary>
            提交事务
            </summary>
            <param name="connectionStr">
            连接字符串
            </param>
        </member>
        <member name="M:GrapeCity.Forguncy.ServerApi.IDataAccess.RollbackTransaction(System.String)">
            <summary>
            回滚事务
            </summary>
            <param name="connectionStr">
            连接字符串
            </param>
        </member>
        <member name="M:GrapeCity.Forguncy.ServerApi.IDataAccess.CallStoredProcedureAsync(System.String,System.String,System.String,GrapeCity.Forguncy.ServerApi.IStoredProcedureParameter[])">
            <summary>
            
            </summary>
            <param name="connectionStringID"></param>
            <param name="procedureSchema"></param>
            <param name="procedureName"></param>
            <param name="procedureParameters"></param>
            <returns></returns>
        </member>
        <member name="M:GrapeCity.Forguncy.ServerApi.IDataAccess.ExecuteSqlInternalAsync(System.String,System.String,System.Collections.Generic.IDictionary{System.String,System.ValueTuple{System.Object,System.Nullable{System.Int32}}},System.Int32)">
            <summary>
            
            </summary>
            <param name="connStrId"></param>
            <param name="sqlStatement"></param>
            <param name="parameters"></param>
            <param name="secondTimeout"></param>
            <returns></returns>
        </member>
        <member name="M:GrapeCity.Forguncy.ServerApi.IDataAccess.ExecuteSqlAsync(System.String,System.String,System.Collections.Generic.IDictionary{System.String,System.Object},System.Int32)">
            <summary>
              Execute Sql Statement in specific database
            </summary>
            <param name="connectionStringId">
             连接字符串名称, 传 Null 表示内建库
            </param>
            <param name="sqlStatement">
             Sql 语句
            </param>
            <param name="parameters">
             参数列表。如果参数可能来自最终用户，请使用参数列表，而不是直接拼接 Sql 字符串，以避免 Sql 注入问题。
            </param>
            <param name="timeout">
             超时时间，单位：秒。默认值为 0 表示不限制超时时间
            </param>
            <returns>
             执行结果， 可能是DataTable也可能是数字（int），如果是查询Sql，用DataTable保存更新结果，如果是更新类的Sql，用int表示影响行数
            </returns>
        </member>
        <member name="M:GrapeCity.Forguncy.ServerApi.IDataAccess.GetPrimaryKeys(System.String)">
            <summary>
            internal using, getting the primary keys by table name
            </summary>
            <param name="tableName"></param>
            <returns></returns>
        </member>
        <member name="M:GrapeCity.Forguncy.ServerApi.IDataAccess.CreateIndexAsync(System.String,System.String,System.String[])">
            <summary>
             Create Index (only support sqlite database database)
            </summary>
            <param name="indexName"></param>
            <param name="tableName"></param>
            <param name="columns"></param>
            <returns></returns>
        </member>
        <member name="M:GrapeCity.Forguncy.ServerApi.IDataAccess.DropIndexAsync(System.String,System.String)">
            <summary>
            
            </summary>
            <param name="indexName"></param>
            <param name="tableName"></param>
            <returns></returns>
        </member>
        <member name="T:GrapeCity.Forguncy.ServerApi.ModifyData">
            <summary>
            提供一种用于创建多个编辑数据的方法。
            </summary>
        </member>
        <member name="M:GrapeCity.Forguncy.ServerApi.ModifyData.#ctor">
            <summary>
            返回ModifyData类的实例。
            </summary>
        </member>
        <member name="P:GrapeCity.Forguncy.ServerApi.ModifyData.DeleteRows">
            <summary>
            返回用于一次删除多个记录的列表。
            </summary>
        </member>
        <member name="P:GrapeCity.Forguncy.ServerApi.ModifyData.AddRows">
            <summary>
            返回用于一次添加多个记录的列表。
            </summary>
        </member>
        <member name="P:GrapeCity.Forguncy.ServerApi.ModifyData.EditRows">
            <summary>
            返回用于一次更新多个记录的列表。
            </summary>
        </member>
        <member name="T:GrapeCity.Forguncy.ServerApi.EditData">
            <summary>
            提供一个数据结构，用于编辑多个数据。
            </summary>
        </member>
        <member name="P:GrapeCity.Forguncy.ServerApi.EditData.PrimaryKey">
            <summary>
            定义代表主键的字段名/值对。
            </summary>
        </member>
        <member name="P:GrapeCity.Forguncy.ServerApi.EditData.Values">
            <summary>
            定义一个数据列表供编辑。
            </summary>
        </member>
        <member name="T:GrapeCity.Forguncy.ServerApi.ColumnValuePair">
            <summary>
            定义字段的名称和值。
            </summary>
        </member>
        <member name="P:GrapeCity.Forguncy.ServerApi.ColumnValuePair.ColumnName">
            <summary>
            定义字段的名称。
            </summary>
        </member>
        <member name="P:GrapeCity.Forguncy.ServerApi.ColumnValuePair.Value">
            <summary>
            定义字段的值。
            </summary>
        </member>
        <member name="P:GrapeCity.Forguncy.ServerApi.ColumnValuePair.SqlCondition">
            <summary>
             Internal Use
            </summary>
        </member>
        <member name="T:GrapeCity.Forguncy.ServerApi.ForguncyApi">
            <summary>
            提供Forguncy服务器端API。 通常情况下，这个类是用来继承而不是直接创建一个新的实例。
            </summary>
        </member>
        <member name="P:GrapeCity.Forguncy.ServerApi.ForguncyApi.DataAccess">
            <summary>
            返回一个DataAccess类的实例。
            </summary>
        </member>
        <member name="P:GrapeCity.Forguncy.ServerApi.ForguncyApi.Context">
            <summary>
            返回AspNetCore HttpContext类的实例。
            </summary>
        </member>
        <member name="P:GrapeCity.Forguncy.ServerApi.ForguncyApi.EmailSender">
            <summary>
            返回EmailSender类的实例。 
            </summary>
        </member>
        <member name="P:GrapeCity.Forguncy.ServerApi.ForguncyApi.UserInfos">
            <summary>
            返回IUserInfos类的实例。
            </summary>
        </member>
        <member name="P:GrapeCity.Forguncy.ServerApi.ForguncyApi.ServerUserCustomCellTypeFilesFolderName">
            <summary>
            返回用户定义的CellType所在文件夹路径。
            </summary>
        </member>
        <member name="P:GrapeCity.Forguncy.ServerApi.ForguncyApi.AppBaseUrl">
            <summary>
            应用的Base Url。
            </summary>
        </member>
        <member name="T:GrapeCity.Forguncy.ServerApi.IEmailSender">
            <summary>
            提供一种发送电子邮件的方法。
            </summary>
        </member>
        <member name="M:GrapeCity.Forguncy.ServerApi.IEmailSender.SendEmail(System.String,System.String,System.String,System.String)">
            <summary>
            将电子邮件发送到指定的电子邮件地址。 如果发送邮件失败，将返回错误消息。 成功返回一个空字符串。
            要使用此方法，必须配置应用程序的邮件服务器设置。
            </summary>
            <param name="from">
            发件人的电子邮件地址。
            </param>
            <param name="to">
            收件人的电子邮件地址。
            </param>
            <param name="title">
            要发送的电子邮件标题。
            </param>
            <param name="content">
            要发送的电子邮件正文。
            </param>
            <example>
            以下代码示例使用HTML标签发送电子邮件。
            <code>
            public class SampleApi : ForguncyApi
            {
                [Get]
                public void SendMail()
                {
                    var errorMessage = this.EmailSender.SendEmail("examplefrom@example.com", "exampleto@example.com","testTitle", "&lt;h1&gt;testContent&lt;/h1&gt;&lt;p&gt;testContent&lt;/p&gt;");
                    if (string.IsNullOrEmpty(errorMessage))
                    {
                        // 成功
                    }
                    else
                    {
                        //失败
                    }
                }
            }
            </code>
            </example>
        </member>
        <member name="M:GrapeCity.Forguncy.ServerApi.IEmailSender.SendEmail(System.String,System.Collections.Generic.List{System.String},System.String,System.String)">
            <summary>
            将电子邮件发送到指定的电子邮件地址列表。 如果发送邮件失败，将返回错误消息。 成功返回一个空字符串。
            要使用此方法，必须设置应用程序的邮件服务器。
            </summary>
            <param name="from">
            发件人的电子邮件地址。
            </param>
            <param name="to">
            收件人的电子邮件地址列表。
            </param>
            <param name="title">
            要发送的电子邮件标题。
            </param>
            <param name="content">
            要发送的电子邮件正文。
            </param>
            <example>
            以下代码示例使用HTML标签发送电子邮件。
            <code>
            public class SampleApi : ForguncyApi
            {
                [Get]
                public void SendMail()
                {
                    var toList = new List&lt;string&gt;() { "example1@example.com", "example2@example.com" };
                    var errorMessage = this.EmailSender.SendEmail("examplefrom@example.com", toList, "testTitle", "&lt;h1&gt;testContent&lt;/h1&gt;&lt;p&gt;testContent&lt;/p&gt;");
                    if (string.IsNullOrEmpty(errorMessage))
                    {
                        // 成功
                    }
                    else
                    {
                        //失败
                    }
                }
            }
            </code>
            </example>
        </member>
        <member name="M:GrapeCity.Forguncy.ServerApi.IEmailSender.SendEmail(GrapeCity.Forguncy.ServerApi.FgcMailMessage)">
            <summary>
            将电子邮件发送到指定的电子邮件地址列表。 如果发送邮件失败，将返回错误消息。 成功返回一个空字符串。
            要使用此方法，必须设置应用程序的邮件服务器。
            </summary>
            <param name="mailMessage">
            详细的电子邮件信息
            </param>
            <returns></returns>
            <example>
            以下是测试向不同地址发送邮件（包括抄送和密送）的示例代码。
            <code>
            public class SampleApi : ForguncyApi
            {
                [Get]
                public void SendMail()
                {
                    var message = new FgcMailMessage()
                    {
                        From = "example@example.com",
                        To = new List&lt;string&gt;() { "example1@example.com", "example2@example.com" },
                        CC = new List&lt;string&gt;() { "cc1@example.com", "cc2@example.com" },
                        BCC = new List&lt;string&gt;() { "bcc1@example.com", "bcc2@example.com" },
                        Attachments = new List&lt;string&gt;() { "c:\\2.text", "c:\\2.txt" },
                        Title = "testTitle",
                        Content = "testContent",
                        Priority = "High",
                        SendAsPlainText = true
                    };
                    this.EmailSender.SendEmail(message);
                }
            }
            </code>
            </example>
        </member>
        <member name="M:GrapeCity.Forguncy.ServerApi.IEmailSender.SendEmailAsync(System.String,System.Collections.Generic.List{System.String},System.String,System.String)">
            <summary>
            
            </summary>
            <param name="from"></param>
            <param name="to"></param>
            <param name="title"></param>
            <param name="content"></param>
            <returns></returns>
        </member>
        <member name="M:GrapeCity.Forguncy.ServerApi.IEmailSender.SendEmailAsync(GrapeCity.Forguncy.ServerApi.FgcMailMessage)">
            <summary>
            
            </summary>
            <param name="mailMessage"></param>
            <returns></returns>
        </member>
        <member name="T:GrapeCity.Forguncy.ServerApi.FgcMailMessage">
            <summary>
            表示邮件信息
            </summary>
        </member>
        <member name="P:GrapeCity.Forguncy.ServerApi.FgcMailMessage.From">
            <summary>
            发件人的电子邮件地址。
            </summary>
        </member>
        <member name="P:GrapeCity.Forguncy.ServerApi.FgcMailMessage.To">
            <summary>
            收件人的电子邮件地址。
            </summary>
        </member>
        <member name="P:GrapeCity.Forguncy.ServerApi.FgcMailMessage.CC">
            <summary>
            抄送收件人的电子邮件地址。
            </summary>
        </member>
        <member name="P:GrapeCity.Forguncy.ServerApi.FgcMailMessage.BCC">
            <summary>
            密送收件人的电子邮件地址。
            </summary>
        </member>
        <member name="P:GrapeCity.Forguncy.ServerApi.FgcMailMessage.Attachments">
            <summary>
            附件
            </summary>
        </member>
        <member name="P:GrapeCity.Forguncy.ServerApi.FgcMailMessage.Title">
            <summary>
            要发送的电子邮件标题。
            </summary>
        </member>
        <member name="P:GrapeCity.Forguncy.ServerApi.FgcMailMessage.Content">
            <summary>
            要发送的电子邮件正文。
            </summary>
        </member>
        <member name="P:GrapeCity.Forguncy.ServerApi.FgcMailMessage.Priority">
            <summary>
            邮件重要度（Low,Normal,High），默认值为Normal表示普通。Low表示重要度低，High表示重要度高
            </summary>
        </member>
        <member name="P:GrapeCity.Forguncy.ServerApi.FgcMailMessage.SendAsPlainText">
            <summary>
            以纯文本格式发送邮件
            </summary>
        </member>
        <member name="P:GrapeCity.Forguncy.ServerApi.FgcMailMessage.RequestId">
            <summary>
             Internal use
            </summary>
        </member>
        <member name="T:GrapeCity.Forguncy.ServerApi.IUserInfos">
            <summary>
            提供用于管理用户帐户的方法。
            </summary>
        </member>
        <member name="P:GrapeCity.Forguncy.ServerApi.IUserInfos.UserServiceURL">
            <summary>
            活字格服务器Url
            </summary>
        </member>
        <member name="P:GrapeCity.Forguncy.ServerApi.IUserInfos.AuthenticationMode">
            <summary>
            认证模式
            </summary>
        </member>
        <member name="M:GrapeCity.Forguncy.ServerApi.IUserInfos.GetUserInfos">
            <summary>
            获取所有注册的Forguncy用户帐户信息。
            </summary>
            <example>
            以下代码示例检索所有Forguncy用户帐户信息并将其打印到控制台。
            <code>
            public class SampleApi : ForguncyApi
            {
                [Get]
                public void TestGetUser()
                {
                    var userInfos = this.UserInfos.GetUserInfos();
                    for (int i = 0; i &lt; userInfos.Count; i++)
                    
                    {
                        var userInfo = userInfos[i];
                        Console.Write(userInfo.UserName);
                        Console.Write(userInfo.Email);
                        Console.Write(userInfo.GetPropertyValue("上级")); //获取名为'上级'的扩展属性
                    }
                }
            }
            </code>
            </example>
        </member>
        <member name="M:GrapeCity.Forguncy.ServerApi.IUserInfos.GetUserInfosAsync">
            <summary>
            获取所有注册的用户帐户信息。
            </summary>
            <example>
            以下代码示例检索所有用户帐户信息并将其打印到控制台。
            <code>
            public class SampleApi : ForguncyApi
            {
                [Get]
                public async Task TestGetUser()
                {
                    var userInfos = await this.UserInfos.GetUserInfosAsync();
                    for (int i = 0; i &lt; userInfos.Count; i++)
                    
                    {
                        var userInfo = userInfos[i];
                        Console.Write(userInfo.UserName);
                        Console.Write(userInfo.Email);
                        Console.Write(userInfo.GetPropertyValue("上级")); //获取名为'上级'的扩展属性
                    }
                }
            }
            </code>
            </example>
        </member>
        <member name="M:GrapeCity.Forguncy.ServerApi.IUserInfos.GetUserInfo(System.String)">
            <summary>
            Get user information
            </summary>
            <param name="userName">The user name</param>
            <returns>The user information for specific user</returns>
        </member>
        <member name="M:GrapeCity.Forguncy.ServerApi.IUserInfos.GetUserInfoAsync(System.String)">
            <summary>
            获取指定用户的用户帐户信息。
            </summary>
            <example>
            以下代码示例获取用户帐户信息并将其打印到控制台。
            <code>
            public class SampleApi : ForguncyApi
            {
                [Get]
                public async Task TestGetUser()
                {
                    var userInfo = await this.UserInfos.GetUserInfoAsync("TestUser");
                    Console.Write(userInfo.UserName);
                    Console.Write(userInfo.Email);
                    Console.Write(userInfo.GetPropertyValue("Title")); 
                }
            }
            </code>
            </example>
        </member>
        <member name="M:GrapeCity.Forguncy.ServerApi.IUserInfos.GetUserNameByExtendedProperty(System.String,System.String)">
            <summary>
            Get user name by extended property value.
            </summary>
            <param name="extendedPropertyName">extended property name</param>
            <param name="value">extended property value</param>
            <returns>The first user name found by the extended property value, if can't find specific user, return value is null.</returns>
        </member>
        <member name="M:GrapeCity.Forguncy.ServerApi.IUserInfos.GetUserNameByExtendedPropertyAsync(System.String,System.String)">
            <summary>
            通过扩展属性值获取用户名。
            </summary>
            <param name="extendedPropertyName">
            扩展属性名
            </param>
            <param name="value">
            扩展属性值
            </param>
            <returns>
            基于扩展属性值找到的第一个用户名，如果找不到特定用户，则返回值为 null。
            </returns>
        </member>
        <member name="M:GrapeCity.Forguncy.ServerApi.IUserInfos.AddUser(System.String,System.String,System.String,System.String,System.Collections.Generic.Dictionary{System.String,System.String})">
            <summary>
            添加用户帐户。
            </summary>
            <param name="userName">用户名</param>
            <param name="password">密码</param>
            <param name="email">邮件地址</param>
            <param name="displayName">显示名称</param>
            <param name="extendedPropertyList">扩展属性列表</param>
            <example>
            指定注册所需的信息并添加一个用户帐户。
            <code>
            public class SampleApi : ForguncyApi
            {
                [Get]
                public void TestAddUser()
                {
                var dic = new Dictionary&lt;string, string&gt;();
                dic.Add("上级", "Administrator");//设定名为'上级'、'头衔'的扩展属性的值
                dic.Add("头衔", "产品经理");
                this.UserInfos.AddUser("testUser1", "123456", "example1@example.com", "测试人员", dic);
                }
            }
            </code>
            </example>
        </member>
        <member name="M:GrapeCity.Forguncy.ServerApi.IUserInfos.AddUserAsync(System.String,System.String,System.String,System.String,System.Collections.Generic.Dictionary{System.String,System.String})">
            <summary>
            添加用户帐户。
            </summary>
            <param name="userName">用户名</param>
            <param name="password">密码</param>
            <param name="email">邮件地址</param>
            <param name="displayName">显示名称</param>
            <param name="extendedPropertyList">扩展属性列表</param>
            <example>
            指定注册所需的信息并添加一个用户帐户。
            <code>
            public class SampleApi : ForguncyApi
            {
                [Get]
                public async Task TestAddUser()
                {
                    var dic = new Dictionary&lt;string, string&gt;();
                    dic.Add("上级", "Administrator");//设定名为'上级'、'头衔'的扩展属性的值
                    dic.Add("头衔", "产品经理");
                    await this.UserInfos.AddUserAsync("testUser1", "123456", "example1@example.com","测试人员", dic);
                }
            }
            </code>
            </example>
        </member>
        <member name="M:GrapeCity.Forguncy.ServerApi.IUserInfos.UpdateUserAsync(System.String,System.String,System.String,System.Collections.Generic.Dictionary{System.String,System.String})">
            <summary>
            更新用户帐户。
            </summary>
            <param name="userName">用户名</param>
            <param name="email">邮件地址</param>
            <param name="displayName">显示名称</param>
            <param name="extendedPropertyList">扩展属性列表</param>
            <example>
            更新指定用户的信息
            <code>
            public class SampleApi : ForguncyApi
            {
                [Get]
                public async Task TestUpdateUser()
                {
                    var dic = new Dictionary&lt;string, string&gt;();
                    dic.Add("Leader", "Administrator");
                    dic.Add("Title", "Manager");
                    await this.UserInfos.UpdateUserAsync("testUser1", "example1@example.com", "TestUser", dic);
                }
            }
            </code>
            </example>
        </member>
        <member name="M:GrapeCity.Forguncy.ServerApi.IUserInfos.DeleteUser(System.String)">
            <summary>
            删除用户帐户。
            </summary>
            <param name="userName">用户名</param>
            <example>
            通过用户名删除用户帐户。
            <code>
            public class SampleApi : ForguncyApi
            {
                [Get]
                public void TestDeleteUser()
                {
                    this.UserInfos.DeleteUser("testUser1");
                }
            }
            </code>
            </example>
        </member>
        <member name="M:GrapeCity.Forguncy.ServerApi.IUserInfos.DeleteUserAsync(System.String)">
            <summary>
            删除用户帐户。
            </summary>
            <param name="userName">用户名</param>
            <example>
            通过用户名删除用户帐户。
            <code>
            public class SampleApi : ForguncyApi
            {
                [Get]
                public async Task TestDeleteUser()
                {
                    await this.UserInfos.DeleteUserAsync("testUser1");
                }
            }
            </code>
            </example>
        </member>
        <member name="M:GrapeCity.Forguncy.ServerApi.IUserInfos.DeleteUsersAsync(System.Collections.Generic.IEnumerable{System.String})">
            <summary>
            批量删除用户帐户。
            </summary>
            <param name="userNames">用户名集合</param>
            <example>
            通过用户名集合批量删除用户帐户。
            <code>
            public class SampleApi : ForguncyApi
            {
                [Get]
                public async Task TestDeleteUsers()
                {
                    var userNames = new string[] { "testUser1", "testUser2", "testUser3" };
                    await this.UserInfos.DeleteUsersAsync(userNames);
                }
            }
            </code>
            </example>
        </member>
        <member name="M:GrapeCity.Forguncy.ServerApi.IUserInfos.SetUsersValidityAsync(System.Collections.Generic.IEnumerable{System.String},System.Boolean)">
            <summary>
            设置用户有效性。
            </summary>
            <param name="userNames">用户名</param>
            <param name="isValid">有效性</param>
        </member>
        <member name="M:GrapeCity.Forguncy.ServerApi.IUserInfos.SetUsersPasswordAsync(System.Collections.Generic.IEnumerable{System.String},System.String)">
            <summary>
            设置用户密码。
            </summary>
            <param name="userNames">用户名</param>
            <param name="password">密码</param>
        </member>
        <member name="M:GrapeCity.Forguncy.ServerApi.IUserInfos.GetRolesAsync">
            <summary>获取活字格中所有用户的角色
            </summary>
            <returns>包含所有用户角色名称的列表</returns>
            <example>
            <code>
            public class SampleApi : ForguncyApi
            {
                [Get]
                public async Task TestGetUserRoles()
                {
                   var roles = await this.UserInfos.GetRolesAsync();
                }
            }
            </code>
            </example>
        </member>
        <member name="M:GrapeCity.Forguncy.ServerApi.IUserInfos.GetRolesOfUserOwnedPermissionsAsync(System.String)">
            <summary>获取用户所拥有权限的角色
            </summary>
            <param name="userName">用户名</param>
            <returns>包含角色名称的哈希集合</returns>
        </member>
        <member name="M:GrapeCity.Forguncy.ServerApi.IUserInfos.AddRoleAsync(System.String,System.String,System.Nullable{System.Int32})">
            <summary>添加角色
            </summary>
            <param name="roleName">角色名称</param>
            <param name="description">描述</param>
            <param name="folderId">分类 ID</param>
            <returns>新创建角色的 ID</returns>
        </member>
        <member name="M:GrapeCity.Forguncy.ServerApi.IUserInfos.UpdateRoleAsync(System.Int32,System.String,System.String,System.Nullable{System.Int32})">
            <summary>更新角色
            </summary>
            <param name="roleId">角色 ID</param>
            <param name="roleName">角色名称</param>
            <param name="description">描述</param>
            <param name="folderId">分类 ID</param>
        </member>
        <member name="M:GrapeCity.Forguncy.ServerApi.IUserInfos.DeleteRolesAsync(System.Collections.Generic.IEnumerable{System.Int32})">
            <summary>删除角色
            </summary>
            <param name="roleIds">角色 ID</param>
        </member>
        <member name="M:GrapeCity.Forguncy.ServerApi.IUserInfos.AddRoleFolderAsync(System.String,System.Nullable{System.Int32})">
            <summary>添加角色分类
            </summary>
            <param name="folderName">分类名称</param>
            <param name="parentFolderId">上级分类 ID</param>
            <returns>新创建分类的 ID</returns>
        </member>
        <member name="M:GrapeCity.Forguncy.ServerApi.IUserInfos.UpdateRoleFolderAsync(System.Int32,System.String,System.Nullable{System.Int32})">
            <summary>更新角色分类
            </summary>
            <param name="folderId">分类 ID</param>
            <param name="folderName">分类名称</param>
            <param name="parentFolderId">上级分类 ID</param>
        </member>
        <member name="M:GrapeCity.Forguncy.ServerApi.IUserInfos.DeleteRoleFoldersAsync(System.Collections.Generic.IEnumerable{System.Int32})">
            <summary>删除角色分类
            </summary>
            <param name="folderIds">分类 ID</param>
        </member>
        <member name="M:GrapeCity.Forguncy.ServerApi.IUserInfos.MoveRoleOrFolderAsync(System.Int32,System.Boolean,System.Int32,System.Boolean,System.Int32)">
            <summary>移动角色或分类
            </summary>
            <param name="dragNodeId">拖动的节点 ID</param>
            <param name="isDraggedRole">拖拽的节点是否为角色</param>
            <param name="dropNodeId">放置的节点 ID</param>
            <param name="isDroppedRole">放置的节点是否为角色</param>
            <param name="moveType">移动类型，-1：目标节点前边，0：目标节点里边，1：目标后边</param>
        </member>
        <member name="M:GrapeCity.Forguncy.ServerApi.IUserInfos.AddRoleOwnedPermissionsAsync(System.Int32,System.Collections.Generic.IEnumerable{System.Int32},System.Int32)">
            <summary>添加角色拥有权限
            </summary>
            <param name="roleId">角色 ID</param>
            <param name="ownedRoleIds">拥有权限的角色 ID 列表</param>
            <param name="type">类型</param>
        </member>
        <member name="M:GrapeCity.Forguncy.ServerApi.IUserInfos.RemoveRoleOwnedPermissionsAsync(System.Int32,System.Collections.Generic.IEnumerable{System.Int32},System.Int32)">
            <summary>移除角色拥有权限
            </summary>
            <param name="roleId">角色 ID</param>
            <param name="ownedRoleIds">拥有权限的角色 ID 列表</param>
            <param name="type">类型</param>
        </member>
        <member name="M:GrapeCity.Forguncy.ServerApi.IUserInfos.SetRoleOwnedPermissionsAsync(System.Int32,System.Collections.Generic.IEnumerable{System.Int32},System.Int32)">
            <summary>设置角色拥有权限
            </summary>
            <param name="roleId">角色 ID</param>
            <param name="ownedRoleIds">拥有权限的角色 ID 列表</param>
            <param name="type">类型</param>
        </member>
        <member name="M:GrapeCity.Forguncy.ServerApi.IUserInfos.AddUsersToRoleAsync(System.String,System.Collections.Generic.IEnumerable{System.String})">
            <summary>将用户添加到角色
            </summary>
            <param name="roleName">角色名称</param>
            <param name="userNames">用户名列表</param>
        </member>
        <member name="M:GrapeCity.Forguncy.ServerApi.IUserInfos.AddUsersToRolesAsync(System.Collections.Generic.IEnumerable{System.Int32},System.Collections.Generic.IEnumerable{System.String})">
            <summary>添加用户到角色
            </summary>
            <param name="roleIds">角色 ID</param>
            <param name="userNames">用户名列表</param>
        </member>
        <member name="M:GrapeCity.Forguncy.ServerApi.IUserInfos.RemoveUsersFromRoleAsync(System.String,System.Collections.Generic.IEnumerable{System.String})">
            <summary>从角色中移除用户
            </summary>
            <param name="roleName">角色名称</param>
            <param name="userNames">用户名列表</param>
        </member>
        <member name="M:GrapeCity.Forguncy.ServerApi.IUserInfos.RemoveUsersFromRolesAsync(System.Collections.Generic.IEnumerable{System.Int32},System.Collections.Generic.IEnumerable{System.String})">
            <summary>从角色中移除用户
            </summary>
            <param name="roleIds">角色 ID</param>
            <param name="userNames">用户名列表</param>
        </member>
        <member name="M:GrapeCity.Forguncy.ServerApi.IUserInfos.SetUsersForRolesAsync(System.Collections.Generic.IEnumerable{System.Int32},System.Collections.Generic.IEnumerable{System.String})">
            <summary>为角色批量设置用户
            </summary>
            <param name="roleIds">角色 ID</param>
            <param name="userNames">用户名列表</param>
        </member>
        <member name="M:GrapeCity.Forguncy.ServerApi.IUserInfos.SetRolesForUsersAsync(System.Collections.Generic.IEnumerable{System.String},System.Collections.Generic.IEnumerable{System.Int32})">
            <summary>为用户批量设置角色
            </summary>
            <param name="userNames">用户名列表</param>
            <param name="roleIds">角色 ID</param>
        </member>
        <member name="M:GrapeCity.Forguncy.ServerApi.IUserInfos.AddOrganizationsToRolesAsync(System.Collections.Generic.IEnumerable{System.Int32},System.Collections.Generic.IEnumerable{System.Int32},System.Nullable{System.Boolean})">
            <summary>添加组织到角色
            </summary>
            <param name="roleIds">角色 ID 列表</param>
            <param name="organizationIds">组织 ID 列表</param>
            <param name="isEffectedForSubOrganizations">是否对子组织生效
            </param>
        </member>
        <member name="M:GrapeCity.Forguncy.ServerApi.IUserInfos.RemoveOrganizationsFromRolesAsync(System.Collections.Generic.IEnumerable{System.Int32},System.Collections.Generic.IEnumerable{System.Int32})">
            <summary>从角色中移除组织
            </summary>
            <param name="roleIds">角色 ID 列表</param>
            <param name="organizationIds">组织 ID 列表</param>
        </member>
        <member name="M:GrapeCity.Forguncy.ServerApi.IUserInfos.SetOrganizationsForRolesAsync(System.Collections.Generic.IEnumerable{System.Int32},System.Collections.Generic.IEnumerable{System.Int32},System.Nullable{System.Boolean})">
            <summary>为角色设置组织
            </summary>
            <param name="roleIds">角色 ID 列表</param>
            <param name="organizationIds">组织 ID 列表</param>
            <param name="isEffectedForSubOrganizations">是否对子组织生效
            </param>
        </member>
        <member name="M:GrapeCity.Forguncy.ServerApi.IUserInfos.SetRolesForOrganizationsAsync(System.Collections.Generic.IEnumerable{System.Int32},System.Collections.Generic.IEnumerable{System.Int32},System.Nullable{System.Boolean})">
            <summary>为组织设置角色
            </summary>
            <param name="organizationIds">组织 ID 列表</param>
            <param name="roleIds">角色 ID 列表</param>
            <param name="isEffectedForSubOrganizations">是否对子组织生效
            </param>
        </member>
        <member name="M:GrapeCity.Forguncy.ServerApi.IUserInfos.GetOrganizationsAsync">
            <summary>获取组织机构列表
            </summary>
            <returns>组织机构列表
            </returns>
        </member>
        <member name="M:GrapeCity.Forguncy.ServerApi.IUserInfos.GetOrganizationLevels">
            <summary>获取组织机构级别列表的方法
            </summary>
            <returns>组织机构级别列表
            </returns>
        </member>
        <member name="M:GrapeCity.Forguncy.ServerApi.IUserInfos.AddOrganizationAsync(System.String,System.String,System.String)">
            <summary>添加组织机构
            </summary>
            <param name="organizationName">组织机构名称</param>
            <param name="parentOrganizationPath">父组织机构路径</param>
            <param name="organizationLevel">组织机构级别</param>
        </member>
        <member name="M:GrapeCity.Forguncy.ServerApi.IUserInfos.AddOrganizationAsync(System.String,System.Nullable{System.Int32},System.Nullable{System.Int32})">
            <summary>添加组织机构
            </summary>
            <param name="organizationName">组织机构名称</param>
            <param name="parentOrganizationId">父组织机构 ID</param>
            <param name="organizationLevelId">组织机构级别 ID</param>
            <returns>新创建组织的 ID</returns>
        </member>
        <member name="M:GrapeCity.Forguncy.ServerApi.IUserInfos.UpdateOrganizationInfoAsync(System.String,System.String,System.String,System.String)">
            <summary>更新组织机构信息
            </summary>
            <param name="oldOrganizationName">旧的组织机构名称</param>
            <param name="parentOrganizationPath">父组织机构路径</param>
            <param name="newOrganizationName">新的组织机构名称</param>
            <param name="newOrganizationLevel">新的组织机构级别</param>
        </member>
        <member name="M:GrapeCity.Forguncy.ServerApi.IUserInfos.UpdateOrganizationAsync(System.Int32,System.String,System.Nullable{System.Int32},System.Nullable{System.Int32})">
            <summary>更新组织机构信息
            </summary>
            <param name="organizationId">组织机构 ID</param>
            <param name="organizationName">组织机构名称</param>
            <param name="parentOrganizationId">父组织机构 ID</param>
            <param name="organizationLevelId">组织机构级别 ID</param>
        </member>
        <member name="M:GrapeCity.Forguncy.ServerApi.IUserInfos.DeleteOrganizationAsync(System.String)">
            <summary>删除组织机构
            </summary>
            <param name="organizationPath">组织机构路径</param>
        </member>
        <member name="M:GrapeCity.Forguncy.ServerApi.IUserInfos.DeleteOrganizationsAsync(System.Collections.Generic.IEnumerable{System.Int32})">
            <summary>删除组织机构
            </summary>
            <param name="organizationIds">组织机构 ID 列表</param>
        </member>
        <member name="M:GrapeCity.Forguncy.ServerApi.IUserInfos.MoveEntireOrganizationAsync(System.String,System.String)">
            <summary>移动整个组织机构
            </summary>
            <param name="organizationPath">组织机构路径</param>
            <param name="newParentOrganizationPath">新的父组织机构路径</param>
        </member>
        <member name="M:GrapeCity.Forguncy.ServerApi.IUserInfos.MoveEntireOrganizationAsync(System.Int32,System.Int32,System.Int32)">
            <summary>移动整个组织机构
            </summary>
            <param name="organizationId">组织机构 ID</param>
            <param name="targetOrganizationId">目标组织机构 ID</param>
            <param name="type">类型</param>
        </member>
        <member name="M:GrapeCity.Forguncy.ServerApi.IUserInfos.AddUsersToOrganizationAsync(System.String,System.Collections.Generic.IEnumerable{GrapeCity.Forguncy.ServerApi.OrganizationMember})">
            <summary>将用户添加到组织机构
            </summary>
            <param name="organizationPath">组织机构路径</param>
            <param name="organizationMembers">组织机构成员列表</param>
        </member>
        <member name="M:GrapeCity.Forguncy.ServerApi.IUserInfos.AddUsersToOrganizationsAsync(System.Collections.Generic.IEnumerable{System.Int32},System.Collections.Generic.IEnumerable{System.String})">
            <summary>将用户添加到组织机构
            </summary>
            <param name="organizationIds">组织机构 ID 列表</param>
            <param name="userNames">用户名列表</param>
        </member>
        <member name="M:GrapeCity.Forguncy.ServerApi.IUserInfos.RemoveUsersFromOrganizationAsync(System.String,System.Collections.Generic.IEnumerable{System.String})">
            <summary>从组织机构中移除用户
            </summary>
            <param name="organizationPath">组织机构路径</param>
            <param name="userNames">用户名列表</param>
        </member>
        <member name="M:GrapeCity.Forguncy.ServerApi.IUserInfos.RemoveUsersFromOrganizationsAsync(System.Collections.Generic.IEnumerable{System.Int32},System.Collections.Generic.IEnumerable{System.String})">
            <summary>从组织机构中移除用户
            </summary>
            <param name="organizationIds">组织机构 ID 列表</param>
            <param name="userNames">用户名列表</param>
        </member>
        <member name="M:GrapeCity.Forguncy.ServerApi.IUserInfos.SetUsersForOrganizationsAsync(System.Collections.Generic.IEnumerable{System.Int32},System.Collections.Generic.IEnumerable{System.String})">
            <summary>为组织设置用户
            </summary>
            <param name="organizationIds">组织 ID 列表</param>
            <param name="userNames">用户名列表</param>
        </member>
        <member name="M:GrapeCity.Forguncy.ServerApi.IUserInfos.SetOrganizationsForUsersAsync(System.Collections.Generic.IEnumerable{System.String},System.Collections.Generic.IEnumerable{System.Int32})">
            <summary>为用户设置组织
            </summary>
            <param name="userNames">用户名列表</param>
            <param name="organizationIds">组织 ID 列表</param>
        </member>
        <member name="M:GrapeCity.Forguncy.ServerApi.IUserInfos.AddOrganizationMembersRolesAsync(System.Int32,System.Collections.Generic.IEnumerable{System.String},System.Collections.Generic.IEnumerable{System.Int32})">
            <summary>为组织成员添加组织角色
            </summary>
            <param name="organizationId">组织 ID</param>
            <param name="userNames">用户名列表</param>
            <param name="roleIds">角色 ID 列表</param>
        </member>
        <member name="M:GrapeCity.Forguncy.ServerApi.IUserInfos.RemoveOrganizationMembersRolesAsync(System.Int32,System.Collections.Generic.IEnumerable{System.String},System.Collections.Generic.IEnumerable{System.Int32})">
            <summary>为组织成员移除组织角色
            </summary>
            <param name="organizationId">组织 ID</param>
            <param name="userNames">用户名列表</param>
            <param name="roleIds">角色 ID 列表</param>
        </member>
        <member name="M:GrapeCity.Forguncy.ServerApi.IUserInfos.SetOrganizationMembersRolesAsync(System.Int32,System.Collections.Generic.IEnumerable{System.String},System.Collections.Generic.IEnumerable{System.Int32})">
            <summary>为组织成员设置组织角色
            </summary>
            <param name="organizationId">组织 ID</param>
            <param name="userNames">用户名列表</param>
            <param name="roleIds">角色 ID 列表</param>
        </member>
        <member name="M:GrapeCity.Forguncy.ServerApi.IUserInfos.AddOrganizationLeadersAsync(System.Int32,System.Collections.Generic.IEnumerable{System.String})">
            <summary>为组织添加主管
            </summary>
            <param name="organizationId">组织 ID</param>
            <param name="userNames">添加的主管名称列表</param>
        </member>
        <member name="M:GrapeCity.Forguncy.ServerApi.IUserInfos.RemoveOrganizationLeadersAsync(System.Int32,System.Collections.Generic.IEnumerable{System.String})">
            <summary>为组织移除主管
            </summary>
            <param name="organizationId">组织 ID</param>
            <param name="userNames">移除的主管名称列表</param>
        </member>
        <member name="M:GrapeCity.Forguncy.ServerApi.IUserInfos.SetOrganizationLeadersAsync(System.Int32,System.Collections.Generic.IEnumerable{System.String})">
            <summary>为组织设置主管
            </summary>
            <param name="organizationId">组织 ID</param>
            <param name="userNames">设置的主管名称列表</param>
        </member>
        <member name="M:GrapeCity.Forguncy.ServerApi.IUserInfos.AddOrganizationLevelAsync(System.String)">
            <summary>添加组织机构级别
            </summary>
            <param name="organizationLevelName">组织机构级别名称</param>
        </member>
        <member name="M:GrapeCity.Forguncy.ServerApi.IUserInfos.UpdateOrganizationLevelAsync(System.String,System.String)">
            <summary>更新组织机构级别
            </summary>
            <param name="oldOrganizationLevelName">旧的组织机构级别名称</param>
            <param name="newOrganizationLevelName">新的组织机构级别名称</param>
        </member>
        <member name="M:GrapeCity.Forguncy.ServerApi.IUserInfos.DeleteOrganizationLevelAsync(System.String)">
            <summary>删除组织机构级别
            </summary>
            <param name="organizationLevelName">组织机构级别名称</param>
        </member>
        <member name="M:GrapeCity.Forguncy.ServerApi.IUserInfos.ImportFromExcelAsync(System.String,System.Int32)">
            <summary>从Excel文件导入用户信息
            </summary>
            <param name="fileName">导入文件</param>
            <param name="mode">导入模式，0为合并导入，1为覆盖导入</param>
            <returns>导入结果信息汇总
            </returns>
        </member>
        <member name="M:GrapeCity.Forguncy.ServerApi.IUserInfos.ExportToExcelAsync(System.String)">
            <summary>导出用户信息到Excel
            </summary>
            <param name="filePath">导出文件</param>
        </member>
        <member name="M:GrapeCity.Forguncy.ServerApi.IUserInfos.GetExtendedProperties">
            <summary>获取自定义属性列表
            </summary>
            <returns>自定义属性列表</returns>
        </member>
        <member name="M:GrapeCity.Forguncy.ServerApi.IUserInfos.LoginAsync(Microsoft.AspNetCore.Http.HttpContext,System.String,System.Boolean)">
            <summary>登录
            </summary>
            <param name="context">Http上下文</param>
            <param name="userName">用户名</param>
            <param name="rememberMe">关闭浏览器后是否保存登录状态</param>
        </member>
        <member name="M:GrapeCity.Forguncy.ServerApi.IUserInfos.LogoutAsync(Microsoft.AspNetCore.Http.HttpContext)">
            <summary>登出
            </summary>
            <param name="context">Http上下文</param>
        </member>
        <member name="M:GrapeCity.Forguncy.ServerApi.IUserInfos.ValidateAsync(System.String,System.String)">
            <summary>验证用户名密码
            </summary>
            <param name="userName">用户名</param>
            <param name="password">密码</param>
            <returns>是否通过验证</returns>
        </member>
        <member name="M:GrapeCity.Forguncy.ServerApi.IUserInfos.ClearCache">
            <summary>清空活字格中的用户信息缓存
            </summary>
            <example>
            <code>
            public class SampleApi : ForguncyApi
            {
                [Get]
                public void TestClearCache()
                {
                    this.UserInfos.ClearCache();
                }
            }
            </code>
            </example>
        </member>
        <member name="T:GrapeCity.Forguncy.ServerApi.OrganizationInfo">
            <summary>组织节点信息
            </summary>
        </member>
        <member name="M:GrapeCity.Forguncy.ServerApi.OrganizationInfo.#ctor">
            <summary>构造函数
            </summary>
        </member>
        <member name="P:GrapeCity.Forguncy.ServerApi.OrganizationInfo.Name">
            <summary>组织节点名称
            </summary>
        </member>
        <member name="P:GrapeCity.Forguncy.ServerApi.OrganizationInfo.OrganizationLevelName">
            <summary>组织级别名称
            </summary>
        </member>
        <member name="P:GrapeCity.Forguncy.ServerApi.OrganizationInfo.SubOrganizations">
            <summary>下级组织
            </summary>
        </member>
        <member name="P:GrapeCity.Forguncy.ServerApi.OrganizationInfo.OrganizationMembers">
            <summary>组织成员
            </summary>
        </member>
        <member name="T:GrapeCity.Forguncy.ServerApi.OrganizationMember">
            <summary>组织成员
            </summary>
        </member>
        <member name="P:GrapeCity.Forguncy.ServerApi.OrganizationMember.UserName">
            <summary>用户名
            </summary>
        </member>
        <member name="P:GrapeCity.Forguncy.ServerApi.OrganizationMember.IsLeader">
            <summary>是否为主管
            </summary>
        </member>
        <member name="P:GrapeCity.Forguncy.ServerApi.OrganizationMember.OrganizationRole">
            <summary>在组织中的角色
            </summary>
        </member>
        <member name="P:GrapeCity.Forguncy.ServerApi.OrganizationMember.OrganizationRoles">
            <summary>在组织中的角色
            </summary>
        </member>
        <member name="T:GrapeCity.Forguncy.ServerApi.UserInfo">
            <summary>
            定义一个用户帐户数据。
            </summary>
        </member>
        <member name="M:GrapeCity.Forguncy.ServerApi.UserInfo.#ctor(System.Data.DataRow)">
            <summary>
            给定行数据，初始化UserInfo的新实例。
            </summary>
            <param name="row">数据行</param>
        </member>
        <member name="P:GrapeCity.Forguncy.ServerApi.UserInfo.UserName">
            <summary>
            获取用户名。
            </summary>
        </member>
        <member name="P:GrapeCity.Forguncy.ServerApi.UserInfo.FullName">
            <summary>
            获取全名。
            </summary>
        </member>
        <member name="P:GrapeCity.Forguncy.ServerApi.UserInfo.Email">
            <summary>
            获取电子邮件地址。
            </summary>
        </member>
        <member name="P:GrapeCity.Forguncy.ServerApi.UserInfo.Role">
            <summary>
            获得角色。
            </summary>
        </member>
        <member name="P:GrapeCity.Forguncy.ServerApi.UserInfo.IsEnabled">
            <summary>
            获得有效值。
            </summary>
        </member>
        <member name="M:GrapeCity.Forguncy.ServerApi.UserInfo.GetPropertyValue(System.String)">
            <summary>
            获取扩展属性。
            </summary>
            <param name="propertyName">扩展属性名</param>
        </member>
        <member name="T:GrapeCity.Forguncy.ServerApi.AuthMode">
            <summary>
            认证模式。
            </summary>
        </member>
        <member name="F:GrapeCity.Forguncy.ServerApi.AuthMode.Windows">
            <summary>
            Windows域认证模式。
            </summary>
        </member>
        <member name="F:GrapeCity.Forguncy.ServerApi.AuthMode.Forms">
            <summary>
            普通登录认证模式。
            </summary>
        </member>
        <member name="F:GrapeCity.Forguncy.ServerApi.AuthMode.SecurityProvider">
            <summary>
            第三方集成认证模式。
            </summary>
        </member>
        <member name="T:GrapeCity.Forguncy.ServerApi.ICacheService">
             <summary>缓存服务
             </summary>
             <remarks>缓存服务的默认实现是MemoryCache，在负载均衡模式下会使用Redis服务
             </remarks>
             <example>
             <code>
             public class Class1 : ForguncyApi
             {
                [Get]
                public object TestCacheService()
                {
                    var key = "myKey";
            
                    var cacheService = this.Context.RequestServices.GetService(typeof(ICacheService));
            
                    if (cacheService.Exists(key))
                    {
                        return cacheService.Get(key);
                    }
            
                    cacheService.Add(key, "cacheValue");
                    return "cacheValue";
                 }
              }
             </code>
             </example>
        </member>
        <member name="M:GrapeCity.Forguncy.ServerApi.ICacheService.Exists(System.String)">
            <summary>验证缓存项是否存在
            </summary>
            <param name="key">缓存键</param>
            <returns>是否存在</returns>
        </member>
        <member name="M:GrapeCity.Forguncy.ServerApi.ICacheService.Add(System.String,System.Object)">
            <summary>
            添加缓存
            </summary>
            <param name="key">缓存键</param>
            <param name="value">缓存Value</param>
            <returns>是否成功</returns>
        </member>
        <member name="M:GrapeCity.Forguncy.ServerApi.ICacheService.Add(System.String,System.Object,System.TimeSpan)">
            <summary>添加缓存
            </summary>
            <param name="key">缓存键</param>
            <param name="value">缓存Value</param>
            <param name="expiresIn">缓存过期时间</param>
            <returns>是否成功</returns>
        </member>
        <member name="M:GrapeCity.Forguncy.ServerApi.ICacheService.Remove(System.String)">
            <summary>删除缓存
            </summary>
            <param name="key">缓存键</param>
            <returns>是否成功</returns>
        </member>
        <member name="M:GrapeCity.Forguncy.ServerApi.ICacheService.RemoveAll(System.Collections.Generic.IEnumerable{System.String})">
            <summary>批量删除缓存
            </summary>
            <param name="keys">缓存键集合</param>
        </member>
        <member name="M:GrapeCity.Forguncy.ServerApi.ICacheService.Get``1(System.String)">
            <summary>获取缓存
            </summary>
            <param name="key">缓存键</param>
            <returns>缓存值</returns>
        </member>
        <member name="M:GrapeCity.Forguncy.ServerApi.ICacheService.Get(System.String)">
            <summary>获取缓存
            </summary>
            <param name="key">缓存键</param>
            <returns>缓存值</returns>
        </member>
        <member name="M:GrapeCity.Forguncy.ServerApi.ICacheService.Replace(System.String,System.Object)">
            <summary>修改缓存
            </summary>
            <param name="key">缓存键</param>
            <param name="value">缓存值</param>
            <returns>是否成功</returns>
        </member>
        <member name="M:GrapeCity.Forguncy.ServerApi.ICacheService.Replace(System.String,System.Object,System.TimeSpan)">
            <summary>修改缓存
            </summary>
            <param name="key">缓存键</param>
            <param name="value">缓存Value</param>
            <param name="expiresIn">缓存时长</param>
            <returns>是否成功</returns>
        </member>
        <member name="T:GrapeCity.Forguncy.ServerApi.ICalcService">
            <summary>
            计算服务接口
            </summary>
        </member>
        <member name="M:GrapeCity.Forguncy.ServerApi.ICalcService.GetGlobalVariableValueAsync(System.String)">
            <summary>
            获取全局变量值
            </summary>
            <param name="variableName">
            变量名
            </param>
            <returns>
            全局变量的值
            </returns>
            <remarks>
            如果全局变量名不存在，返回Null
            </remarks>
        </member>
        <member name="M:GrapeCity.Forguncy.ServerApi.ICalcService.SetGlobalVariableValueAsync(System.String,System.String)">
            <summary>
            设置全局变量值
            </summary>
            <param name="variableName">
            变量名
            </param>
            <param name="value">
            变量值
            </param>
            <returns>
            异步操作的任务
            </returns>
            <exception cref="T:System.ArgumentException">
            变量名不存在
            </exception>
        </member>
        <member name="T:GrapeCity.Forguncy.ServerApi.IApplicationInformationService">
            <summary>
            应用程序信息服务接口
            </summary>
        </member>
        <member name="P:GrapeCity.Forguncy.ServerApi.IApplicationInformationService.ApplicationName">
            <summary>
            应用程序名称
            </summary>
        </member>
        <member name="P:GrapeCity.Forguncy.ServerApi.IApplicationInformationService.ApplicationBaseUrl">
            <summary>
            应用程序基础URL
            </summary>
        </member>
        <member name="P:GrapeCity.Forguncy.ServerApi.IApplicationInformationService.IsRunAtDesigner">
            <summary>
            是否在设计器中运行
            </summary>
        </member>
        <member name="P:GrapeCity.Forguncy.ServerApi.IApplicationInformationService.ApplicationStoragePath">
            <summary>
            应用程序存储路径
            </summary>
        </member>
        <member name="P:GrapeCity.Forguncy.ServerApi.IApplicationInformationService.UserInfos">
            <summary>
            用户信息
            </summary>
        </member>
        <member name="M:GrapeCity.Forguncy.ServerApi.IApplicationInformationService.GetDataAccess(Microsoft.AspNetCore.Http.HttpContext)">
            <summary>
            获取数据访问对象
            </summary>
            <param name="httpContext">
            HTTP上下文对象
            </param>
            <returns>
            数据访问对象
            </returns>
        </member>
        <member name="P:GrapeCity.Forguncy.ServerApi.IApplicationInformationService.ApplicationAttachmentStorageInfo">
            <summary>
            应用程序附件存储信息
            </summary>
        </member>
        <member name="T:GrapeCity.Forguncy.ServerApi.IApplicationAttachmentStorageInfo">
            <summary>
            应用程序附件存储信息接口
            </summary>
        </member>
        <member name="P:GrapeCity.Forguncy.ServerApi.IApplicationAttachmentStorageInfo.StorageType">
            <summary>
            附件存储类型
            </summary>
        </member>
        <member name="P:GrapeCity.Forguncy.ServerApi.IApplicationAttachmentStorageInfo.CloudStorageName">
            <summary>
            云存储名称
            </summary>
        </member>
        <member name="P:GrapeCity.Forguncy.ServerApi.IApplicationAttachmentStorageInfo.CloudStorageUsePublicUrl">
            <summary>
            是否使用公共URL访问云存储
            </summary>
        </member>
        <member name="P:GrapeCity.Forguncy.ServerApi.IApplicationAttachmentStorageInfo.LocalUploadFolderPath">
            <summary>
            本地上传文件夹路径
            </summary>
        </member>
        <member name="M:GrapeCity.Forguncy.ServerApi.IApplicationAttachmentStorageInfo.GetFilesFromAttachmentValue(System.String)">
            <summary>
            从附件值中获取文件列表
            </summary>
            <param name="value">
            附件值
            </param>
            <returns>
            文件列表
            </returns>
        </member>
        <member name="T:GrapeCity.Forguncy.ServerApi.AttachmentStorageType">
            <summary>
            附件存储类型枚举
            </summary>
        </member>
        <member name="F:GrapeCity.Forguncy.ServerApi.AttachmentStorageType.Local">
            <summary>
            本地存储
            </summary>
        </member>
        <member name="F:GrapeCity.Forguncy.ServerApi.AttachmentStorageType.Cloud">
            <summary>
            云存储
            </summary>
        </member>
        <member name="T:GrapeCity.Forguncy.ServerApi.MiddlewareInjector">
            <summary>
              实现中间件的依赖注入
            </summary>
        </member>
        <member name="M:GrapeCity.Forguncy.ServerApi.MiddlewareInjector.ConfigureServices(System.Collections.Generic.List{GrapeCity.Forguncy.ServerApi.ServiceItem},Microsoft.Extensions.DependencyInjection.IServiceCollection)">
            <summary>
            修改待注册的服务列表
            </summary>
            <param name="serviceItems"></param>
            <param name="services"></param>
            <returns></returns>
        </member>
        <member name="M:GrapeCity.Forguncy.ServerApi.MiddlewareInjector.Configure(System.Collections.Generic.List{GrapeCity.Forguncy.ServerApi.MiddlewareItem},Microsoft.AspNetCore.Builder.IApplicationBuilder)">
            <summary>
              修改待注册的中间件列表
            </summary>
            <param name="middlewareItems">已经存在的中间件列表</param>
            <param name="app">IApplicationBuilder 接口实例</param>
            <returns>更新后的中间件列表</returns>
        </member>
        <member name="T:GrapeCity.Forguncy.ServerApi.InjectorItem">
            <summary>
             依赖注入项
            </summary>
        </member>
        <member name="M:GrapeCity.Forguncy.ServerApi.InjectorItem.#ctor">
            <summary>
            构造函数
            </summary>
        </member>
        <member name="M:GrapeCity.Forguncy.ServerApi.InjectorItem.#ctor(System.String,System.String)">
            <summary>
            构造函数
            </summary>
            <param name="id">ID</param>
            <param name="description">描述</param>
        </member>
        <member name="P:GrapeCity.Forguncy.ServerApi.InjectorItem.Id">
            <summary>
              ID
            </summary>
        </member>
        <member name="P:GrapeCity.Forguncy.ServerApi.InjectorItem.Description">
            <summary>
              描述
            </summary>
        </member>
        <member name="M:GrapeCity.Forguncy.ServerApi.InjectorItem.ToString">
            <summary>
            
            </summary>
            <returns></returns>
        </member>
        <member name="T:GrapeCity.Forguncy.ServerApi.MiddlewareItem">
            <summary>
              待注册的中间件项目
            </summary>
        </member>
        <member name="M:GrapeCity.Forguncy.ServerApi.MiddlewareItem.#ctor">
            <summary>
            构造函数
            </summary>
        </member>
        <member name="M:GrapeCity.Forguncy.ServerApi.MiddlewareItem.#ctor(System.String,System.String)">
            <summary>
            构造函数
            </summary>
            <param name="id">ID</param>
            <param name="description">描述</param>
        </member>
        <member name="P:GrapeCity.Forguncy.ServerApi.MiddlewareItem.ConfigureMiddleWareAction">
            <summary>
              注册逻辑
            </summary>
        </member>
        <member name="T:GrapeCity.Forguncy.ServerApi.ServiceItem">
            <summary>
            待注册的服务项目
            </summary>
        </member>
        <member name="M:GrapeCity.Forguncy.ServerApi.ServiceItem.#ctor">
            <summary>
            构造函数
            </summary>
        </member>
        <member name="M:GrapeCity.Forguncy.ServerApi.ServiceItem.#ctor(System.String,System.String)">
            <summary>
            构造函数
            </summary>
            <param name="id">ID</param>
            <param name="description">描述</param>
        </member>
        <member name="P:GrapeCity.Forguncy.ServerApi.ServiceItem.ConfigureServiceAction">
            <summary>
              注册逻辑
            </summary>
        </member>
        <member name="T:GrapeCity.Forguncy.ServerApi.IStoredProcedureParameter">
            <summary>
            
            </summary>
        </member>
        <member name="P:GrapeCity.Forguncy.ServerApi.IStoredProcedureParameter.Name">
            <summary>
            
            </summary>
        </member>
        <member name="P:GrapeCity.Forguncy.ServerApi.IStoredProcedureParameter.Value">
            <summary>
            
            </summary>
        </member>
        <member name="P:GrapeCity.Forguncy.ServerApi.IStoredProcedureParameter.ReturnCell">
            <summary>
            
            </summary>
        </member>
        <member name="P:GrapeCity.Forguncy.ServerApi.IStoredProcedureParameter.Direction">
            <summary>
            
            </summary>
        </member>
        <member name="P:GrapeCity.Forguncy.ServerApi.IStoredProcedureParameter.DataType">
            <summary>
            
            </summary>
        </member>
        <member name="T:GrapeCity.Forguncy.ServerApi.IStoredProcedureResult">
            <summary>
            
            </summary>
        </member>
        <member name="P:GrapeCity.Forguncy.ServerApi.IStoredProcedureResult.Parameters">
            <summary>
            
            </summary>
        </member>
        <member name="P:GrapeCity.Forguncy.ServerApi.IStoredProcedureResult.Result">
            <summary>
            
            </summary>
        </member>
        <member name="F:GrapeCity.Forguncy.ServerApi.ForguncyVersion.VersionString">
            <summary>
            
            </summary>
        </member>
        <member name="F:GrapeCity.Forguncy.ServerApi.ForguncyVersion.ProductName">
            <summary>
            </summary>
        </member>
        <member name="F:GrapeCity.Forguncy.ServerApi.ForguncyVersion.PID">
             <summary>
            
             </summary>
        </member>
        <member name="F:GrapeCity.Forguncy.ServerApi.ForguncyVersion.UpdateString">
            <summary>
            
            </summary>
        </member>
        <member name="F:GrapeCity.Forguncy.ServerApi.ForguncyVersion.AssemblyCopyright">
            <summary>
            
            </summary>
        </member>
        <member name="F:GrapeCity.Forguncy.ServerApi.ForguncyVersion.AssemblyCopyrightDisplay">
            <summary>显示的程序集版权
            </summary>
        </member>
        <member name="F:GrapeCity.Forguncy.ServerApi.ForguncyVersion.Version">
            <summary>
            
            </summary>
        </member>
        <member name="F:GrapeCity.Forguncy.ServerApi.ForguncyVersion.MainVersionString">
            <summary>
            
            </summary>
        </member>
        <member name="F:GrapeCity.Forguncy.ServerApi.ForguncyVersion.MainAndBuildVersionString">
            <summary>
            
            </summary>
        </member>
        <member name="F:GrapeCity.Forguncy.ServerApi.ForguncyVersion.LicenseVersionNumber">
            <summary>
            
            </summary>
        </member>
        <member name="F:GrapeCity.Forguncy.ServerApi.ForguncyVersion.LicenseVersionNumber_CN">
            <summary>
            
            </summary>
        </member>
        <member name="F:GrapeCity.Forguncy.ServerApi.ForguncyVersion.LicenseVersionNumber_EN">
            <summary>
            
            </summary>
        </member>
    </members>
</doc>
